[
{
  "model": "auth.permission",
  "pk": 1,
  "fields": {
    "name": "Can add log entry",
    "content_type": 1,
    "codename": "add_logentry"
  }
},
{
  "model": "auth.permission",
  "pk": 2,
  "fields": {
    "name": "Can change log entry",
    "content_type": 1,
    "codename": "change_logentry"
  }
},
{
  "model": "auth.permission",
  "pk": 3,
  "fields": {
    "name": "Can delete log entry",
    "content_type": 1,
    "codename": "delete_logentry"
  }
},
{
  "model": "auth.permission",
  "pk": 4,
  "fields": {
    "name": "Can view log entry",
    "content_type": 1,
    "codename": "view_logentry"
  }
},
{
  "model": "auth.permission",
  "pk": 5,
  "fields": {
    "name": "Can add permission",
    "content_type": 2,
    "codename": "add_permission"
  }
},
{
  "model": "auth.permission",
  "pk": 6,
  "fields": {
    "name": "Can change permission",
    "content_type": 2,
    "codename": "change_permission"
  }
},
{
  "model": "auth.permission",
  "pk": 7,
  "fields": {
    "name": "Can delete permission",
    "content_type": 2,
    "codename": "delete_permission"
  }
},
{
  "model": "auth.permission",
  "pk": 8,
  "fields": {
    "name": "Can view permission",
    "content_type": 2,
    "codename": "view_permission"
  }
},
{
  "model": "auth.permission",
  "pk": 9,
  "fields": {
    "name": "Can add group",
    "content_type": 3,
    "codename": "add_group"
  }
},
{
  "model": "auth.permission",
  "pk": 10,
  "fields": {
    "name": "Can change group",
    "content_type": 3,
    "codename": "change_group"
  }
},
{
  "model": "auth.permission",
  "pk": 11,
  "fields": {
    "name": "Can delete group",
    "content_type": 3,
    "codename": "delete_group"
  }
},
{
  "model": "auth.permission",
  "pk": 12,
  "fields": {
    "name": "Can view group",
    "content_type": 3,
    "codename": "view_group"
  }
},
{
  "model": "auth.permission",
  "pk": 13,
  "fields": {
    "name": "Can add content type",
    "content_type": 4,
    "codename": "add_contenttype"
  }
},
{
  "model": "auth.permission",
  "pk": 14,
  "fields": {
    "name": "Can change content type",
    "content_type": 4,
    "codename": "change_contenttype"
  }
},
{
  "model": "auth.permission",
  "pk": 15,
  "fields": {
    "name": "Can delete content type",
    "content_type": 4,
    "codename": "delete_contenttype"
  }
},
{
  "model": "auth.permission",
  "pk": 16,
  "fields": {
    "name": "Can view content type",
    "content_type": 4,
    "codename": "view_contenttype"
  }
},
{
  "model": "auth.permission",
  "pk": 17,
  "fields": {
    "name": "Can add session",
    "content_type": 5,
    "codename": "add_session"
  }
},
{
  "model": "auth.permission",
  "pk": 18,
  "fields": {
    "name": "Can change session",
    "content_type": 5,
    "codename": "change_session"
  }
},
{
  "model": "auth.permission",
  "pk": 19,
  "fields": {
    "name": "Can delete session",
    "content_type": 5,
    "codename": "delete_session"
  }
},
{
  "model": "auth.permission",
  "pk": 20,
  "fields": {
    "name": "Can view session",
    "content_type": 5,
    "codename": "view_session"
  }
},
{
  "model": "auth.permission",
  "pk": 21,
  "fields": {
    "name": "Can view Acceso del usuario",
    "content_type": 6,
    "codename": "view_access_users"
  }
},
{
  "model": "auth.permission",
  "pk": 22,
  "fields": {
    "name": "Can delete Acceso del usuario",
    "content_type": 6,
    "codename": "delete_access_users"
  }
},
{
  "model": "auth.permission",
  "pk": 23,
  "fields": {
    "name": "Can view Dashboard",
    "content_type": 7,
    "codename": "view_dashboard"
  }
},
{
  "model": "auth.permission",
  "pk": 24,
  "fields": {
    "name": "Can view Respaldo de BD",
    "content_type": 8,
    "codename": "view_database_backups"
  }
},
{
  "model": "auth.permission",
  "pk": 25,
  "fields": {
    "name": "Can add Respaldo de BD",
    "content_type": 8,
    "codename": "add_database_backups"
  }
},
{
  "model": "auth.permission",
  "pk": 26,
  "fields": {
    "name": "Can delete Respaldo de BD",
    "content_type": 8,
    "codename": "delete_database_backups"
  }
},
{
  "model": "auth.permission",
  "pk": 27,
  "fields": {
    "name": "Can view Tipo de Módulo",
    "content_type": 9,
    "codename": "view_module_type"
  }
},
{
  "model": "auth.permission",
  "pk": 28,
  "fields": {
    "name": "Can add Tipo de Módulo",
    "content_type": 9,
    "codename": "add_module_type"
  }
},
{
  "model": "auth.permission",
  "pk": 29,
  "fields": {
    "name": "Can change Tipo de Módulo",
    "content_type": 9,
    "codename": "change_module_type"
  }
},
{
  "model": "auth.permission",
  "pk": 30,
  "fields": {
    "name": "Can delete Tipo de Módulo",
    "content_type": 9,
    "codename": "delete_module_type"
  }
},
{
  "model": "auth.permission",
  "pk": 31,
  "fields": {
    "name": "Can add Módulo",
    "content_type": 10,
    "codename": "add_module"
  }
},
{
  "model": "auth.permission",
  "pk": 32,
  "fields": {
    "name": "Can change Módulo",
    "content_type": 10,
    "codename": "change_module"
  }
},
{
  "model": "auth.permission",
  "pk": 33,
  "fields": {
    "name": "Can delete Módulo",
    "content_type": 10,
    "codename": "delete_module"
  }
},
{
  "model": "auth.permission",
  "pk": 34,
  "fields": {
    "name": "Can view Módulo",
    "content_type": 10,
    "codename": "view_module"
  }
},
{
  "model": "auth.permission",
  "pk": 35,
  "fields": {
    "name": "Can add Usuario",
    "content_type": 13,
    "codename": "add_user"
  }
},
{
  "model": "auth.permission",
  "pk": 36,
  "fields": {
    "name": "Can change Usuario",
    "content_type": 13,
    "codename": "change_user"
  }
},
{
  "model": "auth.permission",
  "pk": 37,
  "fields": {
    "name": "Can delete Usuario",
    "content_type": 13,
    "codename": "delete_user"
  }
},
{
  "model": "auth.permission",
  "pk": 38,
  "fields": {
    "name": "Can view Usuario",
    "content_type": 13,
    "codename": "view_user"
  }
},
{
  "model": "auth.permission",
  "pk": 39,
  "fields": {
    "name": "Can add Categoria",
    "content_type": 14,
    "codename": "add_category"
  }
},
{
  "model": "auth.permission",
  "pk": 40,
  "fields": {
    "name": "Can change Categoria",
    "content_type": 14,
    "codename": "change_category"
  }
},
{
  "model": "auth.permission",
  "pk": 41,
  "fields": {
    "name": "Can delete Categoria",
    "content_type": 14,
    "codename": "delete_category"
  }
},
{
  "model": "auth.permission",
  "pk": 42,
  "fields": {
    "name": "Can view Categoria",
    "content_type": 14,
    "codename": "view_category"
  }
},
{
  "model": "auth.permission",
  "pk": 43,
  "fields": {
    "name": "Can add Ciudad",
    "content_type": 15,
    "codename": "add_city"
  }
},
{
  "model": "auth.permission",
  "pk": 44,
  "fields": {
    "name": "Can change Ciudad",
    "content_type": 15,
    "codename": "change_city"
  }
},
{
  "model": "auth.permission",
  "pk": 45,
  "fields": {
    "name": "Can delete Ciudad",
    "content_type": 15,
    "codename": "delete_city"
  }
},
{
  "model": "auth.permission",
  "pk": 46,
  "fields": {
    "name": "Can view Ciudad",
    "content_type": 15,
    "codename": "view_city"
  }
},
{
  "model": "auth.permission",
  "pk": 47,
  "fields": {
    "name": "Can add Cliente",
    "content_type": 16,
    "codename": "add_client"
  }
},
{
  "model": "auth.permission",
  "pk": 48,
  "fields": {
    "name": "Can change Cliente",
    "content_type": 16,
    "codename": "change_client"
  }
},
{
  "model": "auth.permission",
  "pk": 49,
  "fields": {
    "name": "Can delete Cliente",
    "content_type": 16,
    "codename": "delete_client"
  }
},
{
  "model": "auth.permission",
  "pk": 50,
  "fields": {
    "name": "Can view Cliente",
    "content_type": 16,
    "codename": "view_client"
  }
},
{
  "model": "auth.permission",
  "pk": 51,
  "fields": {
    "name": "Can view Empresa",
    "content_type": 17,
    "codename": "view_company"
  }
},
{
  "model": "auth.permission",
  "pk": 52,
  "fields": {
    "name": "Can add Condición",
    "content_type": 18,
    "codename": "add_condition"
  }
},
{
  "model": "auth.permission",
  "pk": 53,
  "fields": {
    "name": "Can change Condición",
    "content_type": 18,
    "codename": "change_condition"
  }
},
{
  "model": "auth.permission",
  "pk": 54,
  "fields": {
    "name": "Can delete Condición",
    "content_type": 18,
    "codename": "delete_condition"
  }
},
{
  "model": "auth.permission",
  "pk": 55,
  "fields": {
    "name": "Can view Condición",
    "content_type": 18,
    "codename": "view_condition"
  }
},
{
  "model": "auth.permission",
  "pk": 56,
  "fields": {
    "name": "Can add Empleado",
    "content_type": 19,
    "codename": "add_employee"
  }
},
{
  "model": "auth.permission",
  "pk": 57,
  "fields": {
    "name": "Can change Empleado",
    "content_type": 19,
    "codename": "change_employee"
  }
},
{
  "model": "auth.permission",
  "pk": 58,
  "fields": {
    "name": "Can delete Empleado",
    "content_type": 19,
    "codename": "delete_employee"
  }
},
{
  "model": "auth.permission",
  "pk": 59,
  "fields": {
    "name": "Can view Empleado",
    "content_type": 19,
    "codename": "view_employee"
  }
},
{
  "model": "auth.permission",
  "pk": 60,
  "fields": {
    "name": "Can view Tipo de Eventos",
    "content_type": 20,
    "codename": "view_event_type"
  }
},
{
  "model": "auth.permission",
  "pk": 61,
  "fields": {
    "name": "Can add Tipo de Eventos",
    "content_type": 20,
    "codename": "add_event_type"
  }
},
{
  "model": "auth.permission",
  "pk": 62,
  "fields": {
    "name": "Can change Tipo de Eventos",
    "content_type": 20,
    "codename": "change_event_type"
  }
},
{
  "model": "auth.permission",
  "pk": 63,
  "fields": {
    "name": "Can delete Tipo de Eventos",
    "content_type": 20,
    "codename": "delete_event_type"
  }
},
{
  "model": "auth.permission",
  "pk": 64,
  "fields": {
    "name": "Can add Rubro",
    "content_type": 21,
    "codename": "add_headings"
  }
},
{
  "model": "auth.permission",
  "pk": 65,
  "fields": {
    "name": "Can change Rubro",
    "content_type": 21,
    "codename": "change_headings"
  }
},
{
  "model": "auth.permission",
  "pk": 66,
  "fields": {
    "name": "Can delete Rubro",
    "content_type": 21,
    "codename": "delete_headings"
  }
},
{
  "model": "auth.permission",
  "pk": 67,
  "fields": {
    "name": "Can view Rubro",
    "content_type": 21,
    "codename": "view_headings"
  }
},
{
  "model": "auth.permission",
  "pk": 68,
  "fields": {
    "name": "Can add Producto",
    "content_type": 22,
    "codename": "add_product"
  }
},
{
  "model": "auth.permission",
  "pk": 69,
  "fields": {
    "name": "Can change Producto",
    "content_type": 22,
    "codename": "change_product"
  }
},
{
  "model": "auth.permission",
  "pk": 70,
  "fields": {
    "name": "Can delete Producto",
    "content_type": 22,
    "codename": "delete_product"
  }
},
{
  "model": "auth.permission",
  "pk": 71,
  "fields": {
    "name": "Can view Producto",
    "content_type": 22,
    "codename": "view_product"
  }
},
{
  "model": "auth.permission",
  "pk": 72,
  "fields": {
    "name": "Can add Proveedor",
    "content_type": 23,
    "codename": "add_provider"
  }
},
{
  "model": "auth.permission",
  "pk": 73,
  "fields": {
    "name": "Can change Proveedor",
    "content_type": 23,
    "codename": "change_provider"
  }
},
{
  "model": "auth.permission",
  "pk": 74,
  "fields": {
    "name": "Can delete Proveedor",
    "content_type": 23,
    "codename": "delete_provider"
  }
},
{
  "model": "auth.permission",
  "pk": 75,
  "fields": {
    "name": "Can view Proveedor",
    "content_type": 23,
    "codename": "view_provider"
  }
},
{
  "model": "auth.permission",
  "pk": 76,
  "fields": {
    "name": "Can view Compra",
    "content_type": 24,
    "codename": "view_purchase"
  }
},
{
  "model": "auth.permission",
  "pk": 77,
  "fields": {
    "name": "Can add Compra",
    "content_type": 24,
    "codename": "add_purchase"
  }
},
{
  "model": "auth.permission",
  "pk": 78,
  "fields": {
    "name": "Can delete Compra",
    "content_type": 24,
    "codename": "delete_purchase"
  }
},
{
  "model": "auth.permission",
  "pk": 79,
  "fields": {
    "name": "Can add Salario",
    "content_type": 25,
    "codename": "add_salary"
  }
},
{
  "model": "auth.permission",
  "pk": 80,
  "fields": {
    "name": "Can change Salario",
    "content_type": 25,
    "codename": "change_salary"
  }
},
{
  "model": "auth.permission",
  "pk": 81,
  "fields": {
    "name": "Can delete Salario",
    "content_type": 25,
    "codename": "delete_salary"
  }
},
{
  "model": "auth.permission",
  "pk": 82,
  "fields": {
    "name": "Can view Salario",
    "content_type": 25,
    "codename": "view_salary"
  }
},
{
  "model": "auth.permission",
  "pk": 83,
  "fields": {
    "name": "Can view Venta",
    "content_type": 26,
    "codename": "view_sale"
  }
},
{
  "model": "auth.permission",
  "pk": 84,
  "fields": {
    "name": "Can add Venta",
    "content_type": 26,
    "codename": "add_sale"
  }
},
{
  "model": "auth.permission",
  "pk": 85,
  "fields": {
    "name": "Can delete Venta",
    "content_type": 26,
    "codename": "delete_sale"
  }
},
{
  "model": "auth.permission",
  "pk": 86,
  "fields": {
    "name": "Can add Tamaño",
    "content_type": 27,
    "codename": "add_size"
  }
},
{
  "model": "auth.permission",
  "pk": 87,
  "fields": {
    "name": "Can change Tamaño",
    "content_type": 27,
    "codename": "change_size"
  }
},
{
  "model": "auth.permission",
  "pk": 88,
  "fields": {
    "name": "Can delete Tamaño",
    "content_type": 27,
    "codename": "delete_size"
  }
},
{
  "model": "auth.permission",
  "pk": 89,
  "fields": {
    "name": "Can view Tamaño",
    "content_type": 27,
    "codename": "view_size"
  }
},
{
  "model": "auth.permission",
  "pk": 90,
  "fields": {
    "name": "Can add Tarifa",
    "content_type": 28,
    "codename": "add_tariff"
  }
},
{
  "model": "auth.permission",
  "pk": 91,
  "fields": {
    "name": "Can change Tarifa",
    "content_type": 28,
    "codename": "change_tariff"
  }
},
{
  "model": "auth.permission",
  "pk": 92,
  "fields": {
    "name": "Can delete Tarifa",
    "content_type": 28,
    "codename": "delete_tariff"
  }
},
{
  "model": "auth.permission",
  "pk": 93,
  "fields": {
    "name": "Can view Tarifa",
    "content_type": 28,
    "codename": "view_tariff"
  }
},
{
  "model": "auth.permission",
  "pk": 94,
  "fields": {
    "name": "Can view Ruta de Envio",
    "content_type": 29,
    "codename": "view_shipping_route"
  }
},
{
  "model": "auth.permission",
  "pk": 95,
  "fields": {
    "name": "Can add Ruta de Envio",
    "content_type": 29,
    "codename": "add_shipping_route"
  }
},
{
  "model": "auth.permission",
  "pk": 96,
  "fields": {
    "name": "Can delete Ruta de Envio",
    "content_type": 29,
    "codename": "delete_shipping_route"
  }
},
{
  "model": "auth.permission",
  "pk": 97,
  "fields": {
    "name": "Can add Evento",
    "content_type": 34,
    "codename": "add_events"
  }
},
{
  "model": "auth.permission",
  "pk": 98,
  "fields": {
    "name": "Can change Evento",
    "content_type": 34,
    "codename": "change_events"
  }
},
{
  "model": "auth.permission",
  "pk": 99,
  "fields": {
    "name": "Can delete Evento",
    "content_type": 34,
    "codename": "delete_events"
  }
},
{
  "model": "auth.permission",
  "pk": 100,
  "fields": {
    "name": "Can view Evento",
    "content_type": 34,
    "codename": "view_events"
  }
},
{
  "model": "auth.permission",
  "pk": 101,
  "fields": {
    "name": "Can add Asistencia",
    "content_type": 35,
    "codename": "add_assistance"
  }
},
{
  "model": "auth.permission",
  "pk": 102,
  "fields": {
    "name": "Can change Asistencia",
    "content_type": 35,
    "codename": "change_assistance"
  }
},
{
  "model": "auth.permission",
  "pk": 103,
  "fields": {
    "name": "Can delete Asistencia",
    "content_type": 35,
    "codename": "delete_assistance"
  }
},
{
  "model": "auth.permission",
  "pk": 104,
  "fields": {
    "name": "Can view Asistencia",
    "content_type": 35,
    "codename": "view_assistance"
  }
},
{
  "model": "auth.permission",
  "pk": 105,
  "fields": {
    "name": "Can view Comentario",
    "content_type": 36,
    "codename": "view_comments"
  }
},
{
  "model": "auth.permission",
  "pk": 106,
  "fields": {
    "name": "Can delete Comentario",
    "content_type": 36,
    "codename": "delete_comments"
  }
},
{
  "model": "auth.permission",
  "pk": 107,
  "fields": {
    "name": "Can view Pregunta y Respuesta",
    "content_type": 37,
    "codename": "view_frequent_questions"
  }
},
{
  "model": "auth.permission",
  "pk": 108,
  "fields": {
    "name": "Can add Pregunta y Respuesta",
    "content_type": 37,
    "codename": "add_frequent_questions"
  }
},
{
  "model": "auth.permission",
  "pk": 109,
  "fields": {
    "name": "Can change Pregunta y Respuesta",
    "content_type": 37,
    "codename": "change_frequent_questions"
  }
},
{
  "model": "auth.permission",
  "pk": 110,
  "fields": {
    "name": "Can delete Pregunta y Respuesta",
    "content_type": 37,
    "codename": "delete_frequent_questions"
  }
},
{
  "model": "auth.permission",
  "pk": 111,
  "fields": {
    "name": "Can add Servicio",
    "content_type": 38,
    "codename": "add_services"
  }
},
{
  "model": "auth.permission",
  "pk": 112,
  "fields": {
    "name": "Can change Servicio",
    "content_type": 38,
    "codename": "change_services"
  }
},
{
  "model": "auth.permission",
  "pk": 113,
  "fields": {
    "name": "Can delete Servicio",
    "content_type": 38,
    "codename": "delete_services"
  }
},
{
  "model": "auth.permission",
  "pk": 114,
  "fields": {
    "name": "Can view Servicio",
    "content_type": 38,
    "codename": "view_services"
  }
},
{
  "model": "auth.permission",
  "pk": 115,
  "fields": {
    "name": "Can view Red Social",
    "content_type": 39,
    "codename": "view_social_networks"
  }
},
{
  "model": "auth.permission",
  "pk": 116,
  "fields": {
    "name": "Can add Red Social",
    "content_type": 39,
    "codename": "add_social_networks"
  }
},
{
  "model": "auth.permission",
  "pk": 117,
  "fields": {
    "name": "Can change Red Social",
    "content_type": 39,
    "codename": "change_social_networks"
  }
},
{
  "model": "auth.permission",
  "pk": 118,
  "fields": {
    "name": "Can delete Red Social",
    "content_type": 39,
    "codename": "delete_social_networks"
  }
},
{
  "model": "auth.permission",
  "pk": 119,
  "fields": {
    "name": "Can add Equipo de Trabajo",
    "content_type": 40,
    "codename": "add_team"
  }
},
{
  "model": "auth.permission",
  "pk": 120,
  "fields": {
    "name": "Can change Equipo de Trabajo",
    "content_type": 40,
    "codename": "change_team"
  }
},
{
  "model": "auth.permission",
  "pk": 121,
  "fields": {
    "name": "Can delete Equipo de Trabajo",
    "content_type": 40,
    "codename": "delete_team"
  }
},
{
  "model": "auth.permission",
  "pk": 122,
  "fields": {
    "name": "Can view Equipo de Trabajo",
    "content_type": 40,
    "codename": "view_team"
  }
},
{
  "model": "auth.permission",
  "pk": 123,
  "fields": {
    "name": "Can add Equipo de Trabajo",
    "content_type": 41,
    "codename": "add_testimonials"
  }
},
{
  "model": "auth.permission",
  "pk": 124,
  "fields": {
    "name": "Can change Equipo de Trabajo",
    "content_type": 41,
    "codename": "change_testimonials"
  }
},
{
  "model": "auth.permission",
  "pk": 125,
  "fields": {
    "name": "Can delete Equipo de Trabajo",
    "content_type": 41,
    "codename": "delete_testimonials"
  }
},
{
  "model": "auth.permission",
  "pk": 126,
  "fields": {
    "name": "Can view Equipo de Trabajo",
    "content_type": 41,
    "codename": "view_testimonials"
  }
},
{
  "model": "auth.permission",
  "pk": 127,
  "fields": {
    "name": "Can view Comentario",
    "content_type": 43,
    "codename": "view_comments"
  }
},
{
  "model": "auth.permission",
  "pk": 128,
  "fields": {
    "name": "Can delete Comentario",
    "content_type": 43,
    "codename": "delete_comments"
  }
},
{
  "model": "auth.permission",
  "pk": 129,
  "fields": {
    "name": "Can view Comentario",
    "content_type": 43,
    "codename": "view_claims"
  }
},
{
  "model": "auth.permission",
  "pk": 130,
  "fields": {
    "name": "Can delete Comentario",
    "content_type": 43,
    "codename": "delete_claims"
  }
},
{
  "model": "auth.group",
  "pk": 1,
  "fields": {
    "name": "ADMINISTRADOR",
    "permissions": [
      9,
      10,
      11,
      12,
      101,
      102,
      103,
      104,
      39,
      40,
      41,
      42,
      43,
      44,
      45,
      46,
      47,
      48,
      49,
      50,
      51,
      52,
      53,
      54,
      55,
      56,
      57,
      58,
      59,
      97,
      98,
      99,
      100,
      61,
      62,
      63,
      60,
      64,
      65,
      66,
      67,
      68,
      69,
      70,
      71,
      72,
      73,
      74,
      75,
      77,
      78,
      76,
      79,
      80,
      81,
      82,
      84,
      85,
      83,
      95,
      96,
      94,
      86,
      87,
      88,
      89,
      90,
      91,
      92,
      93,
      128,
      127,
      108,
      109,
      110,
      107,
      111,
      112,
      113,
      114,
      116,
      117,
      118,
      115,
      119,
      120,
      121,
      122,
      123,
      124,
      125,
      126,
      22,
      21,
      25,
      26,
      24,
      35,
      36,
      37,
      38
    ]
  }
},
{
  "model": "auth.group",
  "pk": 2,
  "fields": {
    "name": "CONDUCTOR DE TRANSPORTE",
    "permissions": []
  }
},
{
  "model": "auth.group",
  "pk": 3,
  "fields": {
    "name": "CONTADORA",
    "permissions": [
      9,
      10,
      11,
      12,
      101,
      102,
      103,
      104,
      39,
      40,
      41,
      42,
      43,
      44,
      45,
      46,
      47,
      48,
      49,
      50,
      51,
      52,
      53,
      54,
      55,
      56,
      57,
      58,
      59,
      97,
      98,
      99,
      100,
      61,
      62,
      63,
      60,
      64,
      65,
      66,
      67,
      68,
      69,
      70,
      71,
      72,
      73,
      74,
      75,
      77,
      78,
      76,
      79,
      80,
      81,
      82,
      84,
      85,
      83,
      95,
      96,
      94,
      86,
      87,
      88,
      89,
      90,
      91,
      92,
      93,
      128,
      127,
      108,
      109,
      110,
      107,
      111,
      112,
      113,
      114,
      116,
      117,
      118,
      115,
      119,
      120,
      121,
      122,
      123,
      124,
      125,
      126,
      22,
      21,
      25,
      26,
      24,
      31,
      32,
      33,
      34,
      28,
      29,
      30,
      27,
      35,
      36,
      37,
      38
    ]
  }
},
{
  "model": "auth.group",
  "pk": 4,
  "fields": {
    "name": "SECRETARIA",
    "permissions": [
      9,
      10,
      11,
      12,
      101,
      102,
      103,
      104,
      39,
      40,
      41,
      42,
      43,
      44,
      45,
      46,
      47,
      48,
      49,
      50,
      51,
      52,
      53,
      54,
      55,
      56,
      57,
      58,
      59,
      97,
      98,
      99,
      100,
      61,
      62,
      63,
      60,
      64,
      65,
      66,
      67,
      68,
      69,
      70,
      71,
      72,
      73,
      74,
      75,
      77,
      78,
      76,
      79,
      80,
      81,
      82,
      84,
      85,
      83,
      95,
      96,
      94,
      86,
      87,
      88,
      89,
      90,
      91,
      92,
      93,
      128,
      127,
      108,
      109,
      110,
      107,
      111,
      112,
      113,
      114,
      116,
      117,
      118,
      115,
      119,
      120,
      121,
      122,
      123,
      124,
      125,
      126,
      22,
      21,
      25,
      26,
      24,
      31,
      32,
      33,
      34,
      28,
      29,
      30,
      27,
      35,
      36,
      37,
      38
    ]
  }
},
{
  "model": "auth.group",
  "pk": 5,
  "fields": {
    "name": "BODEGUERO",
    "permissions": [
      71
    ]
  }
},
{
  "model": "contenttypes.contenttype",
  "pk": 1,
  "fields": {
    "app_label": "admin",
    "model": "logentry"
  }
},
{
  "model": "contenttypes.contenttype",
  "pk": 2,
  "fields": {
    "app_label": "auth",
    "model": "permission"
  }
},
{
  "model": "contenttypes.contenttype",
  "pk": 3,
  "fields": {
    "app_label": "auth",
    "model": "group"
  }
},
{
  "model": "contenttypes.contenttype",
  "pk": 4,
  "fields": {
    "app_label": "contenttypes",
    "model": "contenttype"
  }
},
{
  "model": "contenttypes.contenttype",
  "pk": 5,
  "fields": {
    "app_label": "sessions",
    "model": "session"
  }
},
{
  "model": "contenttypes.contenttype",
  "pk": 6,
  "fields": {
    "app_label": "security",
    "model": "accessusers"
  }
},
{
  "model": "contenttypes.contenttype",
  "pk": 7,
  "fields": {
    "app_label": "security",
    "model": "dashboard"
  }
},
{
  "model": "contenttypes.contenttype",
  "pk": 8,
  "fields": {
    "app_label": "security",
    "model": "databasebackups"
  }
},
{
  "model": "contenttypes.contenttype",
  "pk": 9,
  "fields": {
    "app_label": "security",
    "model": "moduletype"
  }
},
{
  "model": "contenttypes.contenttype",
  "pk": 10,
  "fields": {
    "app_label": "security",
    "model": "module"
  }
},
{
  "model": "contenttypes.contenttype",
  "pk": 11,
  "fields": {
    "app_label": "security",
    "model": "grouppermission"
  }
},
{
  "model": "contenttypes.contenttype",
  "pk": 12,
  "fields": {
    "app_label": "security",
    "model": "groupmodule"
  }
},
{
  "model": "contenttypes.contenttype",
  "pk": 13,
  "fields": {
    "app_label": "user",
    "model": "user"
  }
},
{
  "model": "contenttypes.contenttype",
  "pk": 14,
  "fields": {
    "app_label": "erp",
    "model": "category"
  }
},
{
  "model": "contenttypes.contenttype",
  "pk": 15,
  "fields": {
    "app_label": "erp",
    "model": "city"
  }
},
{
  "model": "contenttypes.contenttype",
  "pk": 16,
  "fields": {
    "app_label": "erp",
    "model": "client"
  }
},
{
  "model": "contenttypes.contenttype",
  "pk": 17,
  "fields": {
    "app_label": "erp",
    "model": "company"
  }
},
{
  "model": "contenttypes.contenttype",
  "pk": 18,
  "fields": {
    "app_label": "erp",
    "model": "condition"
  }
},
{
  "model": "contenttypes.contenttype",
  "pk": 19,
  "fields": {
    "app_label": "erp",
    "model": "employee"
  }
},
{
  "model": "contenttypes.contenttype",
  "pk": 20,
  "fields": {
    "app_label": "erp",
    "model": "eventtype"
  }
},
{
  "model": "contenttypes.contenttype",
  "pk": 21,
  "fields": {
    "app_label": "erp",
    "model": "headings"
  }
},
{
  "model": "contenttypes.contenttype",
  "pk": 22,
  "fields": {
    "app_label": "erp",
    "model": "product"
  }
},
{
  "model": "contenttypes.contenttype",
  "pk": 23,
  "fields": {
    "app_label": "erp",
    "model": "provider"
  }
},
{
  "model": "contenttypes.contenttype",
  "pk": 24,
  "fields": {
    "app_label": "erp",
    "model": "purchase"
  }
},
{
  "model": "contenttypes.contenttype",
  "pk": 25,
  "fields": {
    "app_label": "erp",
    "model": "salary"
  }
},
{
  "model": "contenttypes.contenttype",
  "pk": 26,
  "fields": {
    "app_label": "erp",
    "model": "sale"
  }
},
{
  "model": "contenttypes.contenttype",
  "pk": 27,
  "fields": {
    "app_label": "erp",
    "model": "size"
  }
},
{
  "model": "contenttypes.contenttype",
  "pk": 28,
  "fields": {
    "app_label": "erp",
    "model": "tariff"
  }
},
{
  "model": "contenttypes.contenttype",
  "pk": 29,
  "fields": {
    "app_label": "erp",
    "model": "shippingroute"
  }
},
{
  "model": "contenttypes.contenttype",
  "pk": 30,
  "fields": {
    "app_label": "erp",
    "model": "saleproducts"
  }
},
{
  "model": "contenttypes.contenttype",
  "pk": 31,
  "fields": {
    "app_label": "erp",
    "model": "salepackages"
  }
},
{
  "model": "contenttypes.contenttype",
  "pk": 32,
  "fields": {
    "app_label": "erp",
    "model": "salarydetail"
  }
},
{
  "model": "contenttypes.contenttype",
  "pk": 33,
  "fields": {
    "app_label": "erp",
    "model": "purchasedetail"
  }
},
{
  "model": "contenttypes.contenttype",
  "pk": 34,
  "fields": {
    "app_label": "erp",
    "model": "events"
  }
},
{
  "model": "contenttypes.contenttype",
  "pk": 35,
  "fields": {
    "app_label": "erp",
    "model": "assistance"
  }
},
{
  "model": "contenttypes.contenttype",
  "pk": 36,
  "fields": {
    "app_label": "homepage",
    "model": "claims"
  }
},
{
  "model": "contenttypes.contenttype",
  "pk": 37,
  "fields": {
    "app_label": "homepage",
    "model": "frequentquestions"
  }
},
{
  "model": "contenttypes.contenttype",
  "pk": 38,
  "fields": {
    "app_label": "homepage",
    "model": "services"
  }
},
{
  "model": "contenttypes.contenttype",
  "pk": 39,
  "fields": {
    "app_label": "homepage",
    "model": "socialnetworks"
  }
},
{
  "model": "contenttypes.contenttype",
  "pk": 40,
  "fields": {
    "app_label": "homepage",
    "model": "team"
  }
},
{
  "model": "contenttypes.contenttype",
  "pk": 41,
  "fields": {
    "app_label": "homepage",
    "model": "testimonials"
  }
},
{
  "model": "contenttypes.contenttype",
  "pk": 42,
  "fields": {
    "app_label": "homepage",
    "model": "teamdetail"
  }
},
{
  "model": "contenttypes.contenttype",
  "pk": 43,
  "fields": {
    "app_label": "homepage",
    "model": "comments"
  }
},
{
  "model": "sessions.session",
  "pk": "115l0h04nzdqht798unbvjppkp9iihqk",
  "fields": {
    "session_data": ".eJxtkctuEzEUhtvQhJBSqEDcFohZUolOEue-AzYsqkoVfYCRL2di07lheyJlUQkWICp518Mz8VrYkwYVgTej3-ecOd__-0v756_WTnMu8bU7SGhtZVIb0IkS6HaH6B7dumOUX0DhC0fiEy2WZczLwmrF4tAS31RNfFoKyN5vex_e-oGkRqJ7OyaMTQepGMNkyCfzYTrnMCGzMQFCOBOj6RgWUzISAzKazmd0SBaMp4vZLJ2kjBAyQ9de6rKu0D25AREszsNW4ykMoHvQqKQuKsUvMsBrdHsBw09-aCa_4zf8iMF0JzGWWkDZdb2G_LyR13j0dVOnQqhiiVeuJRi6uwJSWmcW3f1UQSZMwimX4Ftr5lo-tZNdt1fQ3EMcvBO5KpSxmopShyQ2tMkKtFFl4WHG8SAmYbLjgWsPKnuua4DXWtk1us7p5vY_tI83ePLFJcqnV_KZfL7d_9LdqXWGrtcHXfUNzaCPW6TDc9ArxVVponV0Rj_Hm6j8jsSuKwivftJx-wIM16qyDeSbM9C5shDRP3Z0lFETraCw_iPAqwjySoOhfpPiYeow9aWUHhtbajimIbC2yunSQ-yg21cmpGAVpxn-cPe8pNyqFXjRCzVlFMuC-ic0-cob7XqHiWewf9us49-IQhHe:1o1BLa:AV_ywmgrHfzOrOu3RELNjkmkpxSq2Bj1lxHhgPEkcgE",
    "expire_date": "2022-06-28T18:33:02.839Z"
  }
},
{
  "model": "sessions.session",
  "pk": "58vmnrgfljxcb3se6xqvehxcymkx5uk5",
  "fields": {
    "session_data": ".eJxtkctuEzEUhtu0CSGlgCjXFVnSRSeJc99xWbCoKiF4gJEvZzKmc5OPHSmLSu0CRCXval6N58GeaVAFeGP9PrfvP75s__zV2qnPhXtjD2NqdBobBBVL4ezuyNknd94Y5edQ-MCx-EqLVRnxstBKsiikRLdRjM5KAdn7be6jOw1SiqmzbyeEsdkwEROYjvh0MUoWHKZkPiFACGdiPJvAckbGYkjGs8WcjsiS8WQ5nyfThBFC5s62V6o0lbPPbkEEi_IwFT0FgrMPaxWbopL8PAN34-x-wPCVH-vK7-6b--yC6U6Mmmpwadf2avIvtbxxx1dNnAohi5W7ti3BnL0nIKEm084-SCRkAmNOeQo-1TDb8ls73bX7Bc09xOE7kctColZUlCpsoqGN16BQloWHmUTDiITKjgc2HjTt2S4CN0rqjbOds-b1P7RHDV766sKlz6_TF-nL7fzHds-ozPMNQFUDWEOhceC2UEefQOUSS-xv-h9oRbnUUbMvPyjWmwrC15_u2QMByJWsdE06rMs09OkfT6qf-S51f38LaGReZeDtoh8oeah8mlDsJ_SEGZQFIJ5oGTjaMqcrf-84eyAxrERLTjP3w973knIt1-BFL8QkSpYF9c8G09feddfbjTOK-m_PJvoNOXkYdg:1o4DAd:tx_F6R-s9KDHkcyoHQaCMWrwPlF2plVpMGKx_y3bFnA",
    "expire_date": "2022-07-07T03:06:15.868Z"
  }
},
{
  "model": "sessions.session",
  "pk": "6fypbcw61vpbh7bh2scdmonv9e1oiuqt",
  "fields": {
    "session_data": ".eJxtkstvEzEQh9vmQUmbApUi8biEGz10m2w2rxuBSqiqAijlvvLas7Gbfcn2VuqhEhxAVPKt5v9lvGlQJbonz_ub3-z3xp96bav6buw70w5JqXlYKpChYNZs9605fOCLCF1BhoEjdkmyZe7RPNNSRJ5L8e6jypvnDJIPm9xnDxpworg17wM_ika9mAUw7NPhpB9PKAz9ceCD79OIDUYBTEf-gPX8wWgyJn1_GtF4Oh7HwzjyfX9sTbuQOSupDkkCUtvf5kBxURQiW_7zNJYyLwtrOvesLPJSB6YQVIE1B5UVllkh6CoBe2dN3ZFa0_hUVf6yP-3COl2aodJEg-Ut06qWu6jMO3v0Yx0njOFoe2t2WGTNEwYxKRNtzX4sIGEqpIRywNQyMjso7Pm2qWckRYj27HR-9vns4ttidvpl4cRa04ZXIJXIM4QJvJ7nu8omApcIyvfNrgJaSqGvrWnO195HaDtrPP7mxvKXt_wVf72Zf2hqpUyseX4CsjghSgksySic2A3Yi4_utHnSZdCdubC3VgxHhfq6APd_nNfMHgNFpSh0xRp8BZkKDV3CUpFhkSSymxDVJa4DZFTgGxsmuepCWiRAWK5wpKCuuhNjNCbHFC-YMSKPUTO6QgVESpaItGXNnlBOGS0wB0_8FE1CtbgCNFouJpSIEmf9JyR_i8vv4tYhAunHVi-9v4pGKQA:1oJG8i:DHYrQ0DFKcdlxVA8RnZo_qFFN4ktu_E6BWtQbEfaZSo",
    "expire_date": "2022-08-17T15:18:28.055Z"
  }
},
{
  "model": "sessions.session",
  "pk": "8h5v3ni18j1okrvlpo8mr2zhr7eqj1o8",
  "fields": {
    "session_data": ".eJxtkstuEzEUhtvQpCGlXAWIFSMWiC46SZz7DtiwqCqhIrEdHdtnMm49F9meSEGqBAsQlbyreS8eCXvSiEowu3P9v_N7vrZ__W7tNN-le2MPE6hNltQaVSK4s7tDZx_fylFgF1j4whE_h2JZxqwsjBI0Di3xTVXHpyVH-X7b--DWggx05uzbMaF0Okj5GCdDNpkP0znDCZmNCRLCKB9Nx7iYkhEfkNF0PoMhWVCWLmazdJJSQsjM2fZSlXXl7NMbEE7jPKhqT6HR2ftNlNRFJdiFRHft7F7A8JMfmskf7rs7c-HoTqINGHRZ1_Ya8k9NeO2Ovm3qwLkolu7Ktjh1dp9jCrU0zt5LBUquEwYsQ99aU9vyrp3s2r0Ccg9x-I7nohDaKOClCk5saJMVKi3KwsOM40FMwmTHA9ceNOvZrkZWK2HWznZON9n_0D7Z4GUvLl327Cp7_hdsy_HK3qmV9F70FValMrqvQWLfbfEefcbCgI7OEKT4Ahz0xjcvmJh1heEXONm3Bxw1U6IyDfHrj6hyYTDyN0Sy1JEo0lLlqCOOkfTbVs1SLyJY6H-Y-lwKxywDZY4peBvaIoel199x9kDoYIYRDKT7ae_6EJgRK_RBL9SEFlSG6B_vspf-zq4_MPGq4TX6qKpwIah139XxH0mIFnk:1o2Oby:fswLLdJFuwzqLFMJ4cKdGdTJRhPoi8CFj2ZmnwDG_rY",
    "expire_date": "2022-07-02T02:54:58.689Z"
  }
},
{
  "model": "sessions.session",
  "pk": "8xmqtpqlle6nnw6rx2nvnsztou6i12p4",
  "fields": {
    "session_data": ".eJxtkstvEzEQxtvQhJBSKgHlceoe6aGbxHk1NwpFqKoCKOW-8tqzsamzu_gRqYdKcABRybea_5YD9m4jVYK9eMcz883Pn_2t-ftPY6P6rtwru5Ngo1liFMiEU2c3-84-vrOXYnIBuU8c0C84XxQxKXIteRqHkvg2q-JZQUG8Wdfu3hFgWDFnXw9Rmo57GR3CqE9GR_3siMAITYYIECIpHYyHMB2jAe2hwfhogvtompJsOplkoyxFCE2cbS5kYUpn925BaBovw1TlKRQ4-6iKEpOXnFwIcDfObgUM3_m-6vzpfri5C4duJUpjDY61baciP6_CG3fwvc5jSnm-cNe2QVNn71PIsBHa2YcZB0FVQjBh4EtNahvetbNNu5XjpYfYOT6ZnX44Pf88Pz75OA9O1LTJCqTiRe5hhnEvRqGz5YGNB2Ud21ZAjOT60tnWrN79D-2TGo-9vHLs2TV7zl6s50f2npHC2addkGVXMV6Wnr_rj62h69Zwe2_D3RUiohDNjcbdd_mKF7VzfmSiL0sIj-CsYbcpKCJ5qSvm6SeQS64hwnTJc660xDIShYpILQgqSEovGdaQKPFXAxqUn81JkNjP8KEqBKeR_xEFwUH5kMhCKYa59IVNvsQLT7nh7DZXwTDNCRbul33gQ0w0X4EPOiHHFU9FiP7xl-17T9rejERgpdeOlFgSEF3_HleceEdM_Bfs-SXi:1oJIWs:n4JzK20_QwVs9fm7KTxQcaddRVrQP3qZk97GLp2TNd4",
    "expire_date": "2022-08-17T17:51:34.399Z"
  }
},
{
  "model": "sessions.session",
  "pk": "bnpvp5o99wgnck7q95avwbve7u7p4u78",
  "fields": {
    "session_data": ".eJxNkM1OwkAUhYUAEiOamPgOshno0B_YiSExxIAJuJ_MX2mltE2n485EF5qYzI7rI_ieTism3N2955y539y39vdP46SuV7gxPUJ1GRGtZEFiAabhgLk6mjHKtzK1Ql8803STIZ6lZREzVFnQQVVokQmZ3P17L48eiKiKwNy6mDF_GApXeg73xk445tLDgYslxpyJke_KiY9HYohH_jigDp4wHk6CIPRChjEOwLQ3RaZzMNcHEMHQrtqqLIWSYC7qjug0j_k2kbAH06owbPK-Tn7CB6yg-nSHqJKWEqKuOavJ13W7h_77n06FiNMNfJmmYGBOhQypTkow52EsE6EIpzyS1qqZadqrPTRMK6U7C9Gbzhbz5Xz9tJrOHlfVJf5oyYssVJylFsZFQ4SrZMcCawu6NF1dJCShym7oDWSRD_LCSrwcgEa_vTKfSw:1o1D0a:slAPRL2ikpbztu-SAgYlSFmMAO9K1cHjth-VJbIB6AQ",
    "expire_date": "2022-06-28T20:19:28.058Z"
  }
},
{
  "model": "sessions.session",
  "pk": "bq0tb407mnxzz6e7u632mq8ggo9epr4p",
  "fields": {
    "session_data": ".eJx1kstuEzEUhtvQhJBSkKAUuiJLuugkce4SC4oqoaoKVCn7kcc-kzGdG75U6qISLEBU8q7mQXgGnok9x5NGqkSZxYx-n_-c8_nXfKn__FNbq55L98puhdToJDQKZCi4s-s9Z5_cOosoO4McC3v8E80XRcCKXEsRBd4S3FRVMCs4pG9X3se3BiRUJc6-GZAoGnVjPoBhjw0nvXjCYEjGAwKEsIj3RwOYjkifd0l_NBnTHplGLJ6Ox_EwjgghY2frC1mY0tlnNyA8CjK_VSGFAmcfVSo0eSnYWQru2tkNj4Gd76rO7-6bmzt_6UaoNNXgkqZtVeSnlbx2e1-Xdcq5yBfuytZ45Ox9DjE1qXb2YSwg5SpklCWAVhPZGqZ2vG43cpohxNbB4ezo_dHpx_nB4Ye5T2JJG56DVKLIEWYQdAPiOxsIbBA0admmAmak0BfONmbL0ztony7xkt1Ll-xcJc-TF6v9u_aekamz251YwmcDue7gW2ncqDpuBbd9ImFhck1VG23M20Atg8ONob4owf8Dx3W7yUExKUpdIb8-AZkJDW3KM5ELpSWV7RSnlHfMa3PAWpsVWUl__xIUtwvmp-zE3kf3V2D7TEiGF7V1kdEFftec3RTKJ6UFo6n7YR-gpEyLc0DR8jWhRJR69U-wyUsMo4kphEim_xeFCf4CXFolTQ:1o1CNw:O_pL1C8HCv9keNrOHeIuHS_wWBVJgZAiMkQX6jUT11U",
    "expire_date": "2022-06-28T19:39:32.163Z"
  }
},
{
  "model": "sessions.session",
  "pk": "cfdr5tis7g07fz0cc04nxwipsshupj8h",
  "fields": {
    "session_data": ".eJxNkM1OwkAUhYUAEiNqTHwH2Qx06A_sxJAYYsAE3DfzV1opU9LpuDPRhSYms-P6Dj6m04IJd3fvOWfuN_e9-fNbO6nqDW5NJyS6iEOtRB4mHEzNAXN9NKOErYW0Qpe_ELnKEMtkkScUlRZ0UBWaZVyk9__ey6MHYqJiMHcuptTvR9wVnsO8oRMNmfBw4GKBMaN84Lti5OMB7-OBPwyIg0eURaMgiLyIYowDMM1VnuktmJsDCKdoU25VlkIJMBdVF2q5Tdg6FbAD0ygxbPKhSn7BJyyg_HQrVAUpBMRtc1aRL6t2B92PvU44T-QKvk2dUzCnXEREpwWY8ygRKVchIywW1qqpqdurPdZMQ5KNheiMJ7PpfLp8XownT4vyEnva8FXkKsmkhXFRH-Ey2bLA2oLOTVvnaZgSZTdc9US-7RGlEosomeiBRn-jJ6B-:1oJRhe:M0mFO22OeRhaGDfKE2asj9kR75zZ_FFz19x1qbKwFPY",
    "expire_date": "2022-08-18T03:39:18.816Z"
  }
},
{
  "model": "sessions.session",
  "pk": "f47f741x7hr44shm8pkappwro61qoa9h",
  "fields": {
    "session_data": ".eJxNkUtvEzEUhdvQR0gJFBAgBIJZsKCLThLnvaOoEqqiQJWyH_lxJzadGY9sT6QsKsEC1Ere1fwhfhmemVLq3fG99_i7x9-3f_9pbFTnwr237QgXhkeFBhUJ5uxmz9knd-4IpueQ-cIB-4azpQypzIwSJCxbwpuqDueSQfLxX--jOwYca-7shwEiZNSN2QCGPTqc9OIJhSEaDxAgRAnrjwYwHaE-66L-aDLGPTQlNJ6Ox_EwJgihsbPbSyWL3NlnNyCMhGn5qvYUGpx9WKmoyHJBzxNw185ulRh-8lM1-cv9dAtXLr0TaYMNON60rYr8rJLX7uBHXceMiWzprmyDEWd3GcS4SIyzD2IBCdMRxZSDby2IbfjUZpt2K8Oph2gfHc9PPp-cfV0cHX9ZlEnUtNEKlBYy8zCDsBuicnLHAxcelLdsUwMtlDBrZ3fm9e0tLX_Mn9Zc_OWF48-v-Iv_RAXhr2bv7L1CJc7udxTkUhnd0TjBat1x_LVtL2QCOmAQnOKlrGPy_pFZ51D--GzX7jHQVIncVIDTU1CpMBB45CCROhBZLFVae5S6MhfyVkOaJ4CZ1D5wQUuL_RjrIMaHlGNlDglWfm2R4qUPaMPZPaHLOIygOHGX9r6XmBqxAi9aZU1oQXwCl_wNf-tzavrlogTrMv8OqLwDK8j8kq4I_wJssA1E:1oJ2nB:H2KQNmKgfxqFcbz-ncSkg4Q5gEa8iwr7TC4jKg-X9UA",
    "expire_date": "2022-08-17T01:03:21.968Z"
  }
},
{
  "model": "sessions.session",
  "pk": "hqta0ud6z6s4f2it84h7mtago6mcm3ao",
  "fields": {
    "session_data": ".eJxNkltPE0EYhqG2FQvFKCHxnPVOTFja7flODMaQpmoK95s5fNsZ2JNzIOGCRC80kMwd40_yfzmzBWTvvuM877vfj8afv7WV6ruw70w7RlqxWEsQMafWrHateXovhxE5hdwVdugJyhdFSIpcCY5D3xLeVGU4KyikH297H99bwJBk1nzoRxgPOwntw6BLBuNuMiYwiEb9CKKIYNob9mEyjHq0E_WG4xHqRhNMkslolAwSHEXRyJp2KQqqiYpRCkLZS7MpGS9Lni_uMo2FKHRpzfYNK8Vh5sGkA5VgzWYVxTovOTlNwV5bU_ek1jQ-V5O_7S87t96XZiwVUmBZy7QqcUdVeG13fi7riFL3tL0yNYqteUghQTpV1mwkHFIqY4IIA9eqsak5Y6erpp6jzEG09w9mh18Oj47n-wdf596sJW18BkLyIncw_bATRn6y6YC1A2UbZk0C0YKrc2uas2X2jpZtse0lF3t5YdmzK_acvdCYvZ6-Mg-0SN3IngKU7Vn2xjz59F3zsggoBMcCYXRSLI1xG2N1XoI_g2nDrFOQRPBSVUjvv4HIuIIA0YznXCqBRJAWMoBqmfTb1O22Oid-ZitBMkjQrj-D3URwfyhOHM_QwtmwYs06l1604gSl7u89ciEiip-BC1q-xiXHTuclC9hb58aakxKnSKr_enT4D8b2D80:1oQU1k:adm5dm3_e_2fiy6z2bPym22GRcj1EggM8yQSdmWlYek",
    "expire_date": "2022-09-06T13:33:08.541Z"
  }
},
{
  "model": "sessions.session",
  "pk": "jnlkyilqsgt1pf8fib4v51wuqt3856ge",
  "fields": {
    "session_data": ".eJxNkM1OwkAUhYUAEiKamPgOshno0B_YiSExxIAJuJ_MX2mltKTTcWeiC01MZsf1BXxSpwUT7u7ec87cb-578-e3dlbVG9yaLqG6iIhWMiexAFNzwFyfzBjlG5laoSdeaLrOEM_SIo8ZKi3oqCo0z4RM7v-9VycPRFRFYO5czJg_CIUrPYd7IycccenhwMUSY87E0Hfl2MdDMcBDfxRQB48ZD8dBEHohwxgHYJrrPNM7MDdHEMHQttyqLIWSYC6rjuh0F_NNImEPplFi2ORDlfyCT1hC-ekWUQUtJERt06nIV1W7h97HQadCxOkavk1dMDDnQoZUJwWYizCWiVCEUx5Ja9XM1O3VHmumkdKthehOpvPZYrZ6Xk6mT8vyEgda8ipzFWephXHRAOEy2bLA2oIuTFvnCUmoshs6fZnv-oomsg8a_QHZ7J3p:1oDW50:x1eQPJTOd-q3DiEFFKrY8nrO2_k7ScbRSupX55FParc",
    "expire_date": "2022-08-01T19:06:54.145Z"
  }
},
{
  "model": "sessions.session",
  "pk": "pn3esw5etcz4j4kesxm54b060ic1v9hz",
  "fields": {
    "session_data": ".eJx1ks1uEzEQx9vQhJBSKkH5OrFHemCTON83CpVQVQVQyn3lj9ms283uam1XyqESHEBU8q3DgyAeoY_Ci2BvGqkS4NvMf8bzm7_9uf7jd22jOhf40u5E1OgkMgrKSAq0m120D2_lGOVnkDlhX5zSbJ6HPM90KVnoS8IbVYXTXED6Zl27e-uChKoE7es-YWzYiUUfBl0-GHfjMYcBGfUJEMKZ6A37MBmSnuiQ3nA8ol0yYTyejEbxIGaEkBHa-rzMTYH28Q2IYOHCT1WOQgHaB1UUmayQ_CwFvEK75TFc57uq8xt-xRn6pRuR0lQDJk3bqshPqvAK97-sdCqEzOZ4aWuCob0rIKYm1WjvxxJSoSJOeQKu1DBbc64db9qtjC4cxM7B4fTo_dHJp9nB4YeZd2JFG51DqWSeOZh-2AmJ72w4YONAk5ZtKuCmlHqJtjFdZf9B-2iFlzy_wOTJZfI0ebae37R3TJmi3WtDWbR5vihotmybQri-Nq7h9t564fqnpMEy8O9Iuc5XxrmJkV4W4P_Acd1uC1C8lIWukLsfoVxIDcEclM_QMkhpILM4LxeUy-tfWSDAp_j6fjdSct-6G1MVxPQVMzKtLLV1uaBzB7OBdlsq74uWnKb43d5zoSOS5-CCltekkiz10V82Ji_c6k23c5RSpf-3uAn_AMsxHeQ:1o8RAE:T-jl5qK2VSYjbK8IyXyIR1TQBooSTO3YtVcHRMVvNmY",
    "expire_date": "2022-07-18T18:51:18.845Z"
  }
},
{
  "model": "sessions.session",
  "pk": "redwf5u6wpg994848bfowwn1cyruvg8g",
  "fields": {
    "session_data": ".eJxtkstu00AUhtvSpiGllDtihcUC0UXtZHLfUVQJVVUApYitNZfjeOjEtmbGkYpUCRYgKs2uw7vxOBw7jagE3p379_-er1u_fm-s1d-Ff-V2Y1raNC4N6FgK79Y73j24kWOUn0GGhX3xmWazPOR5ZrVkYdUSXldNOMkFqDer3r0bC1JqUu9e9whjg3YietDv8P6ok4w49MmwR4AQzkR30IPxgHRFm3QHoyHtkDHjyXg4TPoJI4QMvdua6bwsvHt8DSJYOK-uGqQw4N3dOorLrJD8TIG_8m6zwsDJt_XkD__dT30luhEbSy34tOlaNflpHV75_W_LOhVCZjN_6TYE825bQEJLZb27k0hQwsSc8hSwtWRuA107WXebGZ0jxO7h0eT43fHpx-nh0ftp5cSSNl6ANjLPEKYXtkNSTTYQuETQtOWaBnippT33rjFZZv9D-3CJlz678OmTy_TpX7AVxwt3q9QKvYg0FLm2JjJUQeRXePc_QWapCaZAlfxCBTVL3_BgbM8LqJ7AybbbEWC4loWtiV9-AD2XFgLUEKjcBDJLcj0HEwgIFG5b1EvxiORV_70Ecwk94CnV9oBRjaLlnM7w_pp3O9JUZljJqfI_3W0MKbdyARi0qpo0kqkq-se79DnqbKLAGK_i33gUgS6igmoOKsK3tpActZbhH-ZeGBQ:1o1CgV:N0naHkRTbiDqDYohydns36p1sc9shMJyYf0sFe1qOIs",
    "expire_date": "2022-06-28T19:58:43.132Z"
  }
},
{
  "model": "sessions.session",
  "pk": "s10ak8x8m4g7ji59fmi6nb7hvogauyja",
  "fields": {
    "session_data": ".eJxNkctuEzEUhtv0QkhJC624CQRZ0kUnyeS-o6gSqqJAlbIfeewzY1NnZmR7KmVRCRagVvKu5u14GI6TBmU2o3P7_Z3__Nj587eysfhu3Adbj0hpeFRqUJFgzm62nT1cy8WEXkGGhWP2nWRpHtA8M0rEgW8JHqo6mOQM5KdV78GaACeaO_uxG8Zxv5WwLvTatDdsJ0MKvXDQDSEMacw6_S6M-mGHtcJOfzgg7XAU02Q0GCS9JA7DcODsTqrysnD2-QMIi4OZf1UjhQZn9xdRVGaFoFcS3L2z2x4DJz8vJn-7X27q_NK7kTbEgONVW1uQXy7Ce3f8c1knjIksdXe2wmJnHzFISCmNs08SAZLpiBLKAVvL2FbQtfGm3c7IDCHqp2eT8y_nl9-mp2dfp96JJW10DUqLPEOYbtAKQj-5i8AlgvKarWqgpRJm7uzuZJn9T8uf8aMlF3994_iLO_6Svypj_mZ8ZLdKJZGqCapoaiKJmjcdf2vr01yCbjBoXJA0X1qDmpGZF-CvPN6yeww0VaIwC6j-BaiZMNAgbCYyoY0iqiFz3VAroQKF_N8nYVZIICzX6LCgfv4wIbqRkBOWS4Q40SL1m4oZSdGTDWf3hPYOGEGJdLf2MYaEGnENGNR8TWgR49K3_B1_j9ZUca9IEo2WP11fDu_SRJMLhftQExGJmiixr7koCrzYKlMG_wDpJxfV:1oGNsz:SnU8Nb0KA0DyYlnngUwFPx9wJRgwHCOM40SZlrwNCJs",
    "expire_date": "2022-08-09T16:58:21.574Z"
  }
},
{
  "model": "sessions.session",
  "pk": "saqy11u3tlq8el9ssne2ep1uv16cdcn0",
  "fields": {
    "session_data": ".eJxNkM1OwkAUhYUAEiNqTHwH2Qx06A_sxJAYYsAE3DfzV1opU9LpuDPRhSYms-P6Dj6m04IJd3fvOWfuN_e9-fNbO6nqDW5NJyS6iEOtRB4mHEzNAXN9NKOErYW0Qpe_ELnKEMtkkScUlRZ0UBWaZVyk9__ey6MHYqJiMHcuptTvR9wVnsO8oRMNmfBw4GKBMaN84Lti5OMB7-OBPwyIg0eURaMgiLyIYowDMM1VnuktmJsDCKdoU25VlkIJMBdVF2q5Tdg6FbAD0ygxbPKhSn7BJyyg_HQrVAUpBMRtc1aRL6t2B92PvU44T-QKvk2dUzCnXEREpwWY8ygRKVchIywW1qqpqdurPdZMQ5KNheiMJ7PpfLp8XownT4vyEnva8FXkKsmkhXFRH-Ey2bLA2oLOTVvnaZgSZTdc9US-7RGlEosomeiBRn-jJ6B-:1oFHNB:BmiXjUkPZrfUVkG0mof3NQMMPMmtkFigAXnY1ozw9l0",
    "expire_date": "2022-08-06T15:48:57.114Z"
  }
},
{
  "model": "sessions.session",
  "pk": "vfiuresxgqadk03y261d8h3eietq6fup",
  "fields": {
    "session_data": ".eJxtkltrE0EUx9vYxJo2sQgFLwjxzYLdJJv7m5WClBItie_L7MzZzLR7c2Y2kIeCPigW5q3Hr-lncGbTaEH3Zfify5zf-c9-qf78Vdkqv2t8bRoBKTQPCgUyEAzNdhfNk3uxkNArSG3iiF2SdJF5NEu1FKHnSry7rPKmGYP43ab28b0LOFEczdu-H4bDTsT6MOjSwbgbjSkM_FHfB9-nIesN-zAZ-j3W8XvD8Yh0_UlIo8loFA2i0Pf9EZpGLjNWUB2QGKTGH6apuMhzkS7-RKoLmRU5msM7VhZ6iQNTFlQBmmapgiLNBb2KAW_R7DhSNNX3Zed3_IYzdL7UAqWJBuR1Uy-Xm5fyFo--rvOEMTsab0yFhWgeMohIEWs0-5GAmKmAEsrBlhahqVhjz7fNTkoSC9E4OZ2efTibf5qdnH6cObPWtMESpBJZamH6XsfzXWfNAhcWlO-bXQW0kEKv0NSm6-h_aA_XePzFNfKnN_wZf76Z_9I8KGSMpt4GmbeVtayNG6SDOciloCJTrVXrgnz21lbZGYFe5eB-jPOa2WOgqBS5LiHfXIBMhIYWYYlIhdKSyFZMVGsJqbYHA6takOQSFLGTBHVdB5FNReRY6UzCMXGGVUVCFhZiC82eUM4FLSiJ7XM-spJQLZZgRd3lhBJh7NQ_pvFXdtFdu2FgGeytzb9r2pdqY-H9BurMIK0:1oTyMp:RB__DFVPptxiMAe2CM_iUncEnSuLzz7HlNB1N17upUU",
    "expire_date": "2022-09-16T04:33:19.714Z"
  }
},
{
  "model": "sessions.session",
  "pk": "zi1i4xzg3ggsfggalwl5i769qvb5o17z",
  "fields": {
    "session_data": ".eJxtkk1vEzEQhtvQhDYhpUIgPiSkPVKJbhLnq7lRVAlVVaBKuK-89mzW7X5heyPlUAkOICr51uHf8WOwN42oBL5Yr2fG88xrf63_-l3bqtY1vjHtgJY6DkoFMhAczXYPzZN7ZyFlV5DZwCG_pNki91meaSlC36X4d1HlT3MOyftN7uN7F8RUxWjeDUgYjroRH8Cwx4bHveiYwZCMBwQIYSHvjwYwGZE-75L-6HhMe2QSsmgyHkfDKCSEjNG0C5nzkumAJiA1_jT1hczLAs2zOzIe-qnDUBZLAZr9SgVlVgh2lQDeotlxXGjqH6rKH_gdZ-hcaARKUw0Y75lmNcq8krd4-G0dp5yLbIE3psZDNA85RLRMNJpHkYCEq4BRFoNNLUNTszaeb5udjKYWon1yOj37eDb_PDs5_TRz1qxpgyVIJfLMwgz8rk9cZcMClxY0bpldBayUQq_QNKbr0__QPl3jxa-uMX5-E7-IX276vzYPSpmgaXZAFh1lLevgBulgDnIpmMiVt_Iu6Bd_bZXtEehVAe4bnDdMi4NiUhS6gnx7ATIVGjzKU5EJpSWVXkKVt4RM242DVR6khQRFbSfBXNVBZEMRPVI6l3BEnWF1kdKFhdhC0xLKuaAFo4l9zj0rKdNiCVY0XUwoESZO_WNa7NlBd-2EgWWwt-7_HdO-VAdL_w-CWRkE:1oWckh:xqJRJqCKeCKIOhYFSnOert-idaFYuFh-29oFYrhcv6Y",
    "expire_date": "2022-09-23T12:04:55.906Z"
  }
},
{
  "model": "sessions.session",
  "pk": "zk5h9z2n4obd4mbdrxcc46w9soiionqe",
  "fields": {
    "session_data": ".eJxtkk1v00AQhtu0DSGlFArl44SP9FAn2ThfNwKVUFUFUMrdWu-O4yX-kteu1EMlOICotLcOP5H_wazTSBXg087OvDvPvOOvO79-Nzbq7wpfmz2fV2XkVxoKX0k0mz00B3fuAi6WkFLiSH7h6SJzRZaWhQpcW-LeZrU7yyTEb9e1-3ceiLiO0LzxWBAMu6H0YNATg3EvHAsYsJHHgDERyP7Qg8mQ9WWX9YfjEe-xSSDCyWgUDsKAMTZCs7MosipHc3gLIgM3sV01UWhA87CO_CrNlVjGgDdoti0GKd_Xyh_4Hedoh276uuQlYNQy7Zr8vA5v8OjbKs-lVOkCr01DBmjuSQh5FZdoHoQKYql9wUUEVFoFpkGunW2a7ZQnBLE3PZmdfjg9_zyfnnycWydWtP4FFFplKcF4btdlVtkk4IpAo7ZpaRBVocpLNM3Z6vY_tE9WeNHLK4yeXUfPoxfr_gdmqypiNI86UOQdrrUiSSqgg2uwx-_s3rLYkeBMbdpdOUat_PIyB7v8sy2zK0GLQuVlzep9giJRJThcJiolUcELJ-ba4fYFSIWiMz0YZ9qBJI-By0xTSyWs-jCkbMiPBY_pr-DFMXkmluSASviCkDbQ7CptnSkV1eBPc59CLkp1ARS0bU5pFcQ2-sfI6BUN36KpfQKi1Tz9e3TaYQcr9w-Nkxxw:1o17qc:IlyJ7fm_Plb5jSlm_cwjYHf93q-UV6ohk5HB6QJwcvM",
    "expire_date": "2022-06-28T14:48:50.715Z"
  }
},
{
  "model": "sessions.session",
  "pk": "zmmw9fmblmarh93bqood9c41a9zvl148",
  "fields": {
    "session_data": ".eJxNkUtvEzEUhdvQR0gJFBAgBIJZsKCLThLnvaOoEqqiQJWyH_lxJzadGY9sT6UsKsEC1Ere1fwhfhmemRLq3fG99_i7x9-3f_9pbFTn0r237QgXhkeFBhUJ5uxmz9knd-4IpueQ-cIB-4azpQypzIwSJCxbwtuqDueSQfLxX--jOwYca-7shwEiZNSN2QCGPTqc9OIJhSEaDxAgRAnrjwYwHaE-66L-aDLGPTQlNJ6Ox_EwJgihsbPbSyWL3NlntyCMhGn5qvYUGpx9WKmoyHJBzxNwN85ulRh-8lM1-cv9dAtXLr0TaYMNON60rYr8rJI37uBHXceMiWzprm2DEWd3GcS4SIyzD2IBCdMRxZSDby2IbfjUZpt2K8Oph2gfHc9PPp-cfV0cHX9ZlEnUtNEFKC1k5mEGYTdE5eSOBy48KG_ZpgZaKGFWzu7M69s1LX_Mn9Zc_OWl48-v-Yv_RAXhr2bv7L1CJc7udxTkUhnd0TjBatVx_LVtL2QCOmAQnOKlrGPy_pFZ5VD--GzX7jHQVIncVIDTU1CpMBB45CCROhBZLFVae5S6MhdyrSHNE8BMah-4oKXFfox1EONDyrEyhwQrv7ZI8dIHtOHsntBlHEZQnLgre99LTI24AC9aZU1oQXwCV_wNf-tzavrlogTrMv8OqHy9XRH-BWxuDTs:1oG223:Qc2ceu9ycPGZBcSEk9MFwONAUpXcAcWaMhFa0es_aUs",
    "expire_date": "2022-08-08T17:38:15.669Z"
  }
},
{
  "model": "security.dashboard",
  "pk": 1,
  "fields": {
    "name": "Socio Express",
    "image": "dashboard/2022/06/04/62595_boxes_deutche_post_goods_palet_products_icon.png",
    "icon": "fa-solid fa-dolly",
    "layout": 1,
    "card": " ",
    "navbar": "navbar-dark navbar-navy",
    "brand_logo": " ",
    "sidebar": "sidebar-dark-orange"
  }
},
{
  "model": "security.moduletype",
  "pk": 1,
  "fields": {
    "name": "Adm./Seguridad.Sist",
    "icon": "fas fa-lock",
    "is_active": true
  }
},
{
  "model": "security.moduletype",
  "pk": 2,
  "fields": {
    "name": "Servicio de Paquet.",
    "icon": "fas fa-file-import",
    "is_active": true
  }
},
{
  "model": "security.moduletype",
  "pk": 3,
  "fields": {
    "name": "Talento Humano",
    "icon": "fas fa-user-check",
    "is_active": true
  }
},
{
  "model": "security.moduletype",
  "pk": 4,
  "fields": {
    "name": "Servicio de Limpieza",
    "icon": "fa-solid fa-boxes-stacked",
    "is_active": true
  }
},
{
  "model": "security.moduletype",
  "pk": 5,
  "fields": {
    "name": "Servicio al cliente",
    "icon": "fa-solid fa-chalkboard-user",
    "is_active": true
  }
},
{
  "model": "security.moduletype",
  "pk": 6,
  "fields": {
    "name": "Venta",
    "icon": "fas fa-shopping-cart",
    "is_active": true
  }
},
{
  "model": "security.moduletype",
  "pk": 7,
  "fields": {
    "name": "Informes",
    "icon": "fas fa-chart-pie",
    "is_active": true
  }
},
{
  "model": "security.moduletype",
  "pk": 9,
  "fields": {
    "name": "Inventario",
    "icon": "fa-solid fa-boxes-packing",
    "is_active": true
  }
},
{
  "model": "security.module",
  "pk": 1,
  "fields": {
    "url": "/security/module/type/",
    "name": "Tipos de Módulos",
    "module_type": 1,
    "description": "Permite administrar los tipos de módulos del sistema",
    "icon": "fas fa-door-open",
    "image": "",
    "is_vertical": true,
    "is_active": true,
    "is_visible": true,
    "permits": [
      28,
      29,
      30,
      27
    ]
  }
},
{
  "model": "security.module",
  "pk": 2,
  "fields": {
    "url": "/security/module/",
    "name": "Módulos",
    "module_type": 1,
    "description": "Permite administrar los módulos del sistema",
    "icon": "fas fa-th-large",
    "image": "",
    "is_vertical": true,
    "is_active": true,
    "is_visible": true,
    "permits": [
      31,
      32,
      33,
      34
    ]
  }
},
{
  "model": "security.module",
  "pk": 3,
  "fields": {
    "url": "/security/group/",
    "name": "Perfiles",
    "module_type": 1,
    "description": "Permite administrar los perfiles de usuarios del sistema",
    "icon": "fas fa-users",
    "image": "",
    "is_vertical": true,
    "is_active": true,
    "is_visible": true,
    "permits": [
      9,
      10,
      11,
      12
    ]
  }
},
{
  "model": "security.module",
  "pk": 4,
  "fields": {
    "url": "/security/database/backups/",
    "name": "Respaldos de bd",
    "module_type": 1,
    "description": "Permite administrar los respaldos de base de datos",
    "icon": "fas fa-database",
    "image": "",
    "is_vertical": true,
    "is_active": true,
    "is_visible": true,
    "permits": [
      25,
      26,
      24
    ]
  }
},
{
  "model": "security.module",
  "pk": 5,
  "fields": {
    "url": "/security/dashboard/update/",
    "name": "Conf. Dashboard",
    "module_type": 1,
    "description": "Permite configurar los datos de la plantilla",
    "icon": "fas fa-tools",
    "image": "",
    "is_vertical": true,
    "is_active": true,
    "is_visible": true,
    "permits": []
  }
},
{
  "model": "security.module",
  "pk": 6,
  "fields": {
    "url": "/security/access/users/",
    "name": "Accesos",
    "module_type": 1,
    "description": "Permite administrar los accesos de los usuarios",
    "icon": "fas fa-user-secret",
    "image": "",
    "is_vertical": true,
    "is_active": true,
    "is_visible": true,
    "permits": [
      22,
      21
    ]
  }
},
{
  "model": "security.module",
  "pk": 7,
  "fields": {
    "url": "/user/",
    "name": "Usuarios",
    "module_type": 1,
    "description": "Permite administrar a los usuarios del sistema",
    "icon": "fas fa-user",
    "image": "",
    "is_vertical": true,
    "is_active": true,
    "is_visible": true,
    "permits": [
      35,
      36,
      37,
      38
    ]
  }
},
{
  "model": "security.module",
  "pk": 8,
  "fields": {
    "url": "/erp/company/update/",
    "name": "Compañia y contacto",
    "module_type": 5,
    "description": "Permite gestionar la información de la compañia",
    "icon": "fas fa-building",
    "image": "",
    "is_vertical": true,
    "is_active": true,
    "is_visible": true,
    "permits": [
      51
    ]
  }
},
{
  "model": "security.module",
  "pk": 9,
  "fields": {
    "url": "/erp/size/",
    "name": "Tamaños",
    "module_type": 2,
    "description": "Permite administrar los tamaños de los paquetes",
    "icon": "fas fa-ruler",
    "image": "",
    "is_vertical": true,
    "is_active": true,
    "is_visible": true,
    "permits": [
      86,
      87,
      88,
      89
    ]
  }
},
{
  "model": "security.module",
  "pk": 10,
  "fields": {
    "url": "/erp/tariff/",
    "name": "Cobertura",
    "module_type": 2,
    "description": "Permite administrar las tarifas de los paquetes",
    "icon": "fas fa-globe",
    "image": "",
    "is_vertical": true,
    "is_active": true,
    "is_visible": true,
    "permits": [
      90,
      91,
      92,
      93
    ]
  }
},
{
  "model": "security.module",
  "pk": 11,
  "fields": {
    "url": "/erp/city/",
    "name": "Ciudades",
    "module_type": 2,
    "description": "Permite administrar las ciudades para los destinos",
    "icon": "fas fa-city",
    "image": "",
    "is_vertical": true,
    "is_active": true,
    "is_visible": true,
    "permits": [
      43,
      44,
      45,
      46
    ]
  }
},
{
  "model": "security.module",
  "pk": 12,
  "fields": {
    "url": "/erp/condition/",
    "name": "Condiciones",
    "module_type": 2,
    "description": "Permite administrar las condiciones de los paquetes",
    "icon": "fas fa-book",
    "image": "",
    "is_vertical": true,
    "is_active": true,
    "is_visible": true,
    "permits": [
      52,
      53,
      54,
      55
    ]
  }
},
{
  "model": "security.module",
  "pk": 13,
  "fields": {
    "url": "/erp/client/",
    "name": "Registro de Clientes",
    "module_type": 5,
    "description": "Permite administrar los clientes de la empresa",
    "icon": "fas fa-user",
    "image": "",
    "is_vertical": true,
    "is_active": true,
    "is_visible": true,
    "permits": [
      47,
      48,
      49,
      50
    ]
  }
},
{
  "model": "security.module",
  "pk": 14,
  "fields": {
    "url": "/erp/employee/",
    "name": "Reg.Empleados",
    "module_type": 3,
    "description": "Permite administrar los empleados del sistema",
    "icon": "fas fa-user-tie",
    "image": "",
    "is_vertical": true,
    "is_active": true,
    "is_visible": true,
    "permits": [
      56,
      57,
      58,
      59
    ]
  }
},
{
  "model": "security.module",
  "pk": 15,
  "fields": {
    "url": "/erp/event/type/",
    "name": "Tipo de Eventos",
    "module_type": 3,
    "description": "Permite administrar los tipos de eventos de los empleados",
    "icon": "fas fa-business-time",
    "image": "",
    "is_vertical": true,
    "is_active": true,
    "is_visible": true,
    "permits": [
      61,
      62,
      63,
      60
    ]
  }
},
{
  "model": "security.module",
  "pk": 16,
  "fields": {
    "url": "/erp/events/",
    "name": "Permisos y Capacit.",
    "module_type": 3,
    "description": "Permite administrar los eventos de los empleados",
    "icon": "fas fa-business-time",
    "image": "",
    "is_vertical": true,
    "is_active": true,
    "is_visible": true,
    "permits": [
      97,
      98,
      99,
      100
    ]
  }
},
{
  "model": "security.module",
  "pk": 17,
  "fields": {
    "url": "/erp/headings/",
    "name": "Roles de empleados",
    "module_type": 3,
    "description": "Permite administrar los rubros de los empleados",
    "icon": "fas fa-file-invoice-dollar",
    "image": "",
    "is_vertical": true,
    "is_active": true,
    "is_visible": true,
    "permits": [
      64,
      65,
      66,
      67
    ]
  }
},
{
  "model": "security.module",
  "pk": 18,
  "fields": {
    "url": "/erp/assistance/",
    "name": "Control de Asist.",
    "module_type": 3,
    "description": "Permite administrar las asistencias de los empleados",
    "icon": "fas fa-calendar-check",
    "image": "",
    "is_vertical": true,
    "is_active": true,
    "is_visible": true,
    "permits": [
      101,
      102,
      103,
      104
    ]
  }
},
{
  "model": "security.module",
  "pk": 19,
  "fields": {
    "url": "/erp/salary/",
    "name": "Roles de Pago",
    "module_type": 3,
    "description": "Permite administrar los roles de pago de los empleados",
    "icon": "fas fa-dollar-sign",
    "image": "",
    "is_vertical": true,
    "is_active": true,
    "is_visible": true,
    "permits": [
      79,
      80,
      81,
      82
    ]
  }
},
{
  "model": "security.module",
  "pk": 20,
  "fields": {
    "url": "/erp/provider/",
    "name": "Proveedores",
    "module_type": 4,
    "description": "Permite administrar a los proveedores de las compras",
    "icon": "fa-solid fa-people-carry-box",
    "image": "",
    "is_vertical": true,
    "is_active": true,
    "is_visible": true,
    "permits": [
      72,
      73,
      74,
      75
    ]
  }
},
{
  "model": "security.module",
  "pk": 21,
  "fields": {
    "url": "/erp/category/",
    "name": "Categorías",
    "module_type": 4,
    "description": "Permite administrar las categorías de los productos",
    "icon": "fas fa-truck-loading",
    "image": "",
    "is_vertical": true,
    "is_active": true,
    "is_visible": true,
    "permits": [
      39,
      40,
      41,
      42
    ]
  }
},
{
  "model": "security.module",
  "pk": 22,
  "fields": {
    "url": "/erp/product/",
    "name": "Servicio de Limpieza",
    "module_type": 9,
    "description": "Permite administrar los productos del sistema",
    "icon": "fas fa-box",
    "image": "",
    "is_vertical": true,
    "is_active": true,
    "is_visible": true,
    "permits": [
      68,
      69,
      70,
      71
    ]
  }
},
{
  "model": "security.module",
  "pk": 23,
  "fields": {
    "url": "/erp/purchase/",
    "name": "Compras e inventarios",
    "module_type": 4,
    "description": "Permite administrar las compras de los productos",
    "icon": "fas fa-dolly-flatbed",
    "image": "",
    "is_vertical": true,
    "is_active": true,
    "is_visible": true,
    "permits": [
      77,
      78,
      76
    ]
  }
},
{
  "model": "security.module",
  "pk": 24,
  "fields": {
    "url": "/services/",
    "name": "Servicios",
    "module_type": 5,
    "description": "Permite administrar los servicios de la compañia",
    "icon": "fas fa-broom",
    "image": "",
    "is_vertical": true,
    "is_active": true,
    "is_visible": true,
    "permits": [
      111,
      112,
      113,
      114
    ]
  }
},
{
  "model": "security.module",
  "pk": 25,
  "fields": {
    "url": "/frequent/questions/",
    "name": "Preguntas frecuentes",
    "module_type": 5,
    "description": "Permite administrar las preguntas frecuentes de la compañia",
    "icon": "fas fa-question-circle",
    "image": "",
    "is_vertical": true,
    "is_active": true,
    "is_visible": true,
    "permits": [
      108,
      109,
      110,
      107
    ]
  }
},
{
  "model": "security.module",
  "pk": 26,
  "fields": {
    "url": "/social/networks/",
    "name": "Redes Sociales",
    "module_type": 5,
    "description": "Permite administrar las redes sociales de la compañia",
    "icon": "fa-solid fa-icons",
    "image": "",
    "is_vertical": true,
    "is_active": true,
    "is_visible": true,
    "permits": [
      116,
      117,
      118,
      115
    ]
  }
},
{
  "model": "security.module",
  "pk": 27,
  "fields": {
    "url": "/testimonials/",
    "name": "Testimonios",
    "module_type": 5,
    "description": "Permite administrar los testimonios de la compañia",
    "icon": "fas fa-comment-alt",
    "image": "",
    "is_vertical": true,
    "is_active": true,
    "is_visible": true,
    "permits": [
      123,
      124,
      125,
      126
    ]
  }
},
{
  "model": "security.module",
  "pk": 28,
  "fields": {
    "url": "/team/",
    "name": "Equipo de Trabajo",
    "module_type": 5,
    "description": "Permite administrar los equipos de trabajo",
    "icon": "fas fa-user-friends",
    "image": "",
    "is_vertical": true,
    "is_active": true,
    "is_visible": true,
    "permits": [
      119,
      120,
      121,
      122
    ]
  }
},
{
  "model": "security.module",
  "pk": 29,
  "fields": {
    "url": "/erp/sale/",
    "name": "Servicios y Paq.",
    "module_type": 6,
    "description": "Permite administrar las ventas de la empresa",
    "icon": "fas fa-store-alt",
    "image": "",
    "is_vertical": true,
    "is_active": true,
    "is_visible": true,
    "permits": [
      84,
      85,
      83
    ]
  }
},
{
  "model": "security.module",
  "pk": 30,
  "fields": {
    "url": "/user/update/password/",
    "name": "Cambiar password",
    "module_type": null,
    "description": "Permite cambiar tu password de tu cuenta",
    "icon": "fas fa-key",
    "image": "",
    "is_vertical": false,
    "is_active": true,
    "is_visible": true,
    "permits": []
  }
},
{
  "model": "security.module",
  "pk": 31,
  "fields": {
    "url": "/user/update/profile/",
    "name": "Editar perfil",
    "module_type": null,
    "description": "Permite cambiar la información de tu cuenta",
    "icon": "fas fa-user",
    "image": "",
    "is_vertical": false,
    "is_active": true,
    "is_visible": true,
    "permits": []
  }
},
{
  "model": "security.module",
  "pk": 32,
  "fields": {
    "url": "/erp/shipping/route/",
    "name": "Control de Ruta/Envio",
    "module_type": 2,
    "description": "Permite administrar los controles de ruta de los paquetes",
    "icon": "fa-solid fa-location-crosshairs",
    "image": "",
    "is_vertical": true,
    "is_active": true,
    "is_visible": true,
    "permits": [
      95,
      96,
      94
    ]
  }
},
{
  "model": "security.module",
  "pk": 33,
  "fields": {
    "url": "/comments/",
    "name": "Sug./reclamos y ayud.",
    "module_type": 5,
    "description": "Permite administrar los comentarios de los clientes",
    "icon": "fa-solid fa-comments",
    "image": "",
    "is_vertical": true,
    "is_active": true,
    "is_visible": true,
    "permits": [
      128,
      127
    ]
  }
},
{
  "model": "security.module",
  "pk": 34,
  "fields": {
    "url": "/reports/sale/",
    "name": "Ventas Realizadas",
    "module_type": 7,
    "description": "Permite ver los informes de las ventas",
    "icon": "fas fa-chart-bar",
    "image": "",
    "is_vertical": true,
    "is_active": true,
    "is_visible": true,
    "permits": []
  }
},
{
  "model": "security.module",
  "pk": 35,
  "fields": {
    "url": "/reports/employee/",
    "name": "Adm. de empleados",
    "module_type": 7,
    "description": "Permite ver los informes de los empleados",
    "icon": "fas fa-chart-bar",
    "image": "",
    "is_vertical": true,
    "is_active": true,
    "is_visible": true,
    "permits": []
  }
},
{
  "model": "security.module",
  "pk": 36,
  "fields": {
    "url": "/reports/salary/",
    "name": "Roles de Pago",
    "module_type": 7,
    "description": "Permite ver los informes de los salarios de los empleados",
    "icon": "fas fa-chart-bar",
    "image": "",
    "is_vertical": true,
    "is_active": true,
    "is_visible": true,
    "permits": []
  }
},
{
  "model": "security.module",
  "pk": 37,
  "fields": {
    "url": "/reports/purchase/",
    "name": "Compras",
    "module_type": 7,
    "description": "Permite ver los informes de las compras de los proveedores",
    "icon": "fas fa-chart-bar",
    "image": "",
    "is_vertical": true,
    "is_active": true,
    "is_visible": true,
    "permits": []
  }
},
{
  "model": "security.module",
  "pk": 38,
  "fields": {
    "url": "/reports/database/backups/",
    "name": "Respaldo de inf.",
    "module_type": 7,
    "description": "Permite ver los informes de los respaldos de base de datos",
    "icon": "fas fa-chart-bar",
    "image": "",
    "is_vertical": true,
    "is_active": true,
    "is_visible": true,
    "permits": []
  }
},
{
  "model": "security.module",
  "pk": 39,
  "fields": {
    "url": "/reports/inventory/",
    "name": "Inv.Servicio/limp",
    "module_type": 7,
    "description": "Permite ver los informes de los inventarios de los productos",
    "icon": "fas fa-chart-bar",
    "image": "",
    "is_vertical": true,
    "is_active": true,
    "is_visible": true,
    "permits": []
  }
},
{
  "model": "security.module",
  "pk": 40,
  "fields": {
    "url": "/reports/shipping/route/",
    "name": "Control de R.Envio",
    "module_type": 7,
    "description": "Permite ver los informes de los controles de ruta de envío",
    "icon": "fas fa-chart-bar",
    "image": "",
    "is_vertical": true,
    "is_active": true,
    "is_visible": true,
    "permits": []
  }
},
{
  "model": "security.module",
  "pk": 41,
  "fields": {
    "url": "/reports/sale/products/",
    "name": "Bodega Servicio/limp.",
    "module_type": 7,
    "description": "Permite ver los informes de los productos y servicios en las ventas",
    "icon": "fas fa-chart-bar",
    "image": "",
    "is_vertical": true,
    "is_active": true,
    "is_visible": true,
    "permits": []
  }
},
{
  "model": "security.module",
  "pk": 42,
  "fields": {
    "url": "/reports/sale/packages/",
    "name": "Bodega Servicio/paq.",
    "module_type": 7,
    "description": "Permite ver los informes de la paqueteria en bodega",
    "icon": "fas fa-chart-bar",
    "image": "",
    "is_vertical": true,
    "is_active": true,
    "is_visible": true,
    "permits": []
  }
},
{
  "model": "security.module",
  "pk": 43,
  "fields": {
    "url": "/erp/packages/",
    "name": "Bodega",
    "module_type": 2,
    "description": "Permite administrar las bodega de los paquetes",
    "icon": "fa-solid fa-dolly",
    "image": "",
    "is_vertical": true,
    "is_active": true,
    "is_visible": true,
    "permits": []
  }
},
{
  "model": "security.module",
  "pk": 44,
  "fields": {
    "url": "/erp/parcel/service/",
    "name": "Servicio de Paquetería",
    "module_type": 9,
    "description": "Permite administrar los controles de ruta de los paquetes",
    "icon": "fa-solid fa-location-crosshairs",
    "image": "",
    "is_vertical": true,
    "is_active": true,
    "is_visible": true,
    "permits": []
  }
},
{
  "model": "security.module",
  "pk": 45,
  "fields": {
    "url": "/erp/parcel/alerts/",
    "name": "Alerta de Encomiendas",
    "module_type": 9,
    "description": "Permite ver los informes de los controles de ruta de envío",
    "icon": "fas fa-chart-bar",
    "image": "",
    "is_vertical": true,
    "is_active": true,
    "is_visible": true,
    "permits": []
  }
},
{
  "model": "security.module",
  "pk": 46,
  "fields": {
    "url": "/erp/product/alerts/",
    "name": "Alerta de Prod./Limp.",
    "module_type": 9,
    "description": "Permite administrar los productos del sistema",
    "icon": "fas fa-box",
    "image": "",
    "is_vertical": true,
    "is_active": true,
    "is_visible": true,
    "permits": []
  }
},
{
  "model": "security.module",
  "pk": 47,
  "fields": {
    "url": "/erp/service/warehouse/",
    "name": "Bodega",
    "module_type": 4,
    "description": "Permite ver los informes de los productos y servicios en las ventas",
    "icon": "fas fa-chart-bar",
    "image": "",
    "is_vertical": true,
    "is_active": true,
    "is_visible": true,
    "permits": []
  }
},
{
  "model": "security.module",
  "pk": 48,
  "fields": {
    "url": "/reports/parcel/service/packages/",
    "name": "Inv.Servicio Paq.",
    "module_type": 7,
    "description": "Permite ver los informes de los productos y servicios en las ventas",
    "icon": "fas fa-chart-bar",
    "image": "",
    "is_vertical": true,
    "is_active": true,
    "is_visible": true,
    "permits": []
  }
},
{
  "model": "security.groupmodule",
  "pk": 97,
  "fields": {
    "group": 3,
    "module": 1
  }
},
{
  "model": "security.groupmodule",
  "pk": 98,
  "fields": {
    "group": 3,
    "module": 2
  }
},
{
  "model": "security.groupmodule",
  "pk": 99,
  "fields": {
    "group": 3,
    "module": 3
  }
},
{
  "model": "security.groupmodule",
  "pk": 100,
  "fields": {
    "group": 3,
    "module": 4
  }
},
{
  "model": "security.groupmodule",
  "pk": 101,
  "fields": {
    "group": 3,
    "module": 5
  }
},
{
  "model": "security.groupmodule",
  "pk": 102,
  "fields": {
    "group": 3,
    "module": 6
  }
},
{
  "model": "security.groupmodule",
  "pk": 103,
  "fields": {
    "group": 3,
    "module": 7
  }
},
{
  "model": "security.groupmodule",
  "pk": 104,
  "fields": {
    "group": 3,
    "module": 8
  }
},
{
  "model": "security.groupmodule",
  "pk": 105,
  "fields": {
    "group": 3,
    "module": 9
  }
},
{
  "model": "security.groupmodule",
  "pk": 106,
  "fields": {
    "group": 3,
    "module": 10
  }
},
{
  "model": "security.groupmodule",
  "pk": 107,
  "fields": {
    "group": 3,
    "module": 11
  }
},
{
  "model": "security.groupmodule",
  "pk": 108,
  "fields": {
    "group": 3,
    "module": 12
  }
},
{
  "model": "security.groupmodule",
  "pk": 109,
  "fields": {
    "group": 3,
    "module": 13
  }
},
{
  "model": "security.groupmodule",
  "pk": 110,
  "fields": {
    "group": 3,
    "module": 14
  }
},
{
  "model": "security.groupmodule",
  "pk": 111,
  "fields": {
    "group": 3,
    "module": 15
  }
},
{
  "model": "security.groupmodule",
  "pk": 112,
  "fields": {
    "group": 3,
    "module": 16
  }
},
{
  "model": "security.groupmodule",
  "pk": 113,
  "fields": {
    "group": 3,
    "module": 17
  }
},
{
  "model": "security.groupmodule",
  "pk": 114,
  "fields": {
    "group": 3,
    "module": 18
  }
},
{
  "model": "security.groupmodule",
  "pk": 115,
  "fields": {
    "group": 3,
    "module": 19
  }
},
{
  "model": "security.groupmodule",
  "pk": 116,
  "fields": {
    "group": 3,
    "module": 20
  }
},
{
  "model": "security.groupmodule",
  "pk": 117,
  "fields": {
    "group": 3,
    "module": 21
  }
},
{
  "model": "security.groupmodule",
  "pk": 118,
  "fields": {
    "group": 3,
    "module": 22
  }
},
{
  "model": "security.groupmodule",
  "pk": 119,
  "fields": {
    "group": 3,
    "module": 23
  }
},
{
  "model": "security.groupmodule",
  "pk": 120,
  "fields": {
    "group": 3,
    "module": 24
  }
},
{
  "model": "security.groupmodule",
  "pk": 121,
  "fields": {
    "group": 3,
    "module": 25
  }
},
{
  "model": "security.groupmodule",
  "pk": 122,
  "fields": {
    "group": 3,
    "module": 26
  }
},
{
  "model": "security.groupmodule",
  "pk": 123,
  "fields": {
    "group": 3,
    "module": 27
  }
},
{
  "model": "security.groupmodule",
  "pk": 124,
  "fields": {
    "group": 3,
    "module": 28
  }
},
{
  "model": "security.groupmodule",
  "pk": 125,
  "fields": {
    "group": 3,
    "module": 29
  }
},
{
  "model": "security.groupmodule",
  "pk": 126,
  "fields": {
    "group": 3,
    "module": 30
  }
},
{
  "model": "security.groupmodule",
  "pk": 127,
  "fields": {
    "group": 3,
    "module": 31
  }
},
{
  "model": "security.groupmodule",
  "pk": 128,
  "fields": {
    "group": 3,
    "module": 32
  }
},
{
  "model": "security.groupmodule",
  "pk": 129,
  "fields": {
    "group": 3,
    "module": 33
  }
},
{
  "model": "security.groupmodule",
  "pk": 130,
  "fields": {
    "group": 4,
    "module": 1
  }
},
{
  "model": "security.groupmodule",
  "pk": 131,
  "fields": {
    "group": 4,
    "module": 2
  }
},
{
  "model": "security.groupmodule",
  "pk": 132,
  "fields": {
    "group": 4,
    "module": 3
  }
},
{
  "model": "security.groupmodule",
  "pk": 133,
  "fields": {
    "group": 4,
    "module": 4
  }
},
{
  "model": "security.groupmodule",
  "pk": 134,
  "fields": {
    "group": 4,
    "module": 5
  }
},
{
  "model": "security.groupmodule",
  "pk": 135,
  "fields": {
    "group": 4,
    "module": 6
  }
},
{
  "model": "security.groupmodule",
  "pk": 136,
  "fields": {
    "group": 4,
    "module": 7
  }
},
{
  "model": "security.groupmodule",
  "pk": 137,
  "fields": {
    "group": 4,
    "module": 8
  }
},
{
  "model": "security.groupmodule",
  "pk": 138,
  "fields": {
    "group": 4,
    "module": 9
  }
},
{
  "model": "security.groupmodule",
  "pk": 139,
  "fields": {
    "group": 4,
    "module": 10
  }
},
{
  "model": "security.groupmodule",
  "pk": 140,
  "fields": {
    "group": 4,
    "module": 11
  }
},
{
  "model": "security.groupmodule",
  "pk": 141,
  "fields": {
    "group": 4,
    "module": 12
  }
},
{
  "model": "security.groupmodule",
  "pk": 142,
  "fields": {
    "group": 4,
    "module": 13
  }
},
{
  "model": "security.groupmodule",
  "pk": 143,
  "fields": {
    "group": 4,
    "module": 14
  }
},
{
  "model": "security.groupmodule",
  "pk": 144,
  "fields": {
    "group": 4,
    "module": 15
  }
},
{
  "model": "security.groupmodule",
  "pk": 145,
  "fields": {
    "group": 4,
    "module": 16
  }
},
{
  "model": "security.groupmodule",
  "pk": 146,
  "fields": {
    "group": 4,
    "module": 17
  }
},
{
  "model": "security.groupmodule",
  "pk": 147,
  "fields": {
    "group": 4,
    "module": 18
  }
},
{
  "model": "security.groupmodule",
  "pk": 148,
  "fields": {
    "group": 4,
    "module": 19
  }
},
{
  "model": "security.groupmodule",
  "pk": 149,
  "fields": {
    "group": 4,
    "module": 20
  }
},
{
  "model": "security.groupmodule",
  "pk": 150,
  "fields": {
    "group": 4,
    "module": 21
  }
},
{
  "model": "security.groupmodule",
  "pk": 151,
  "fields": {
    "group": 4,
    "module": 22
  }
},
{
  "model": "security.groupmodule",
  "pk": 152,
  "fields": {
    "group": 4,
    "module": 23
  }
},
{
  "model": "security.groupmodule",
  "pk": 153,
  "fields": {
    "group": 4,
    "module": 24
  }
},
{
  "model": "security.groupmodule",
  "pk": 154,
  "fields": {
    "group": 4,
    "module": 25
  }
},
{
  "model": "security.groupmodule",
  "pk": 155,
  "fields": {
    "group": 4,
    "module": 26
  }
},
{
  "model": "security.groupmodule",
  "pk": 156,
  "fields": {
    "group": 4,
    "module": 27
  }
},
{
  "model": "security.groupmodule",
  "pk": 157,
  "fields": {
    "group": 4,
    "module": 28
  }
},
{
  "model": "security.groupmodule",
  "pk": 158,
  "fields": {
    "group": 4,
    "module": 29
  }
},
{
  "model": "security.groupmodule",
  "pk": 159,
  "fields": {
    "group": 4,
    "module": 30
  }
},
{
  "model": "security.groupmodule",
  "pk": 160,
  "fields": {
    "group": 4,
    "module": 31
  }
},
{
  "model": "security.groupmodule",
  "pk": 161,
  "fields": {
    "group": 4,
    "module": 32
  }
},
{
  "model": "security.groupmodule",
  "pk": 162,
  "fields": {
    "group": 4,
    "module": 33
  }
},
{
  "model": "security.groupmodule",
  "pk": 163,
  "fields": {
    "group": 5,
    "module": 22
  }
},
{
  "model": "security.groupmodule",
  "pk": 570,
  "fields": {
    "group": 1,
    "module": 3
  }
},
{
  "model": "security.groupmodule",
  "pk": 571,
  "fields": {
    "group": 1,
    "module": 4
  }
},
{
  "model": "security.groupmodule",
  "pk": 572,
  "fields": {
    "group": 1,
    "module": 6
  }
},
{
  "model": "security.groupmodule",
  "pk": 573,
  "fields": {
    "group": 1,
    "module": 7
  }
},
{
  "model": "security.groupmodule",
  "pk": 574,
  "fields": {
    "group": 1,
    "module": 8
  }
},
{
  "model": "security.groupmodule",
  "pk": 575,
  "fields": {
    "group": 1,
    "module": 9
  }
},
{
  "model": "security.groupmodule",
  "pk": 576,
  "fields": {
    "group": 1,
    "module": 10
  }
},
{
  "model": "security.groupmodule",
  "pk": 577,
  "fields": {
    "group": 1,
    "module": 11
  }
},
{
  "model": "security.groupmodule",
  "pk": 578,
  "fields": {
    "group": 1,
    "module": 12
  }
},
{
  "model": "security.groupmodule",
  "pk": 579,
  "fields": {
    "group": 1,
    "module": 13
  }
},
{
  "model": "security.groupmodule",
  "pk": 580,
  "fields": {
    "group": 1,
    "module": 14
  }
},
{
  "model": "security.groupmodule",
  "pk": 581,
  "fields": {
    "group": 1,
    "module": 15
  }
},
{
  "model": "security.groupmodule",
  "pk": 582,
  "fields": {
    "group": 1,
    "module": 16
  }
},
{
  "model": "security.groupmodule",
  "pk": 583,
  "fields": {
    "group": 1,
    "module": 17
  }
},
{
  "model": "security.groupmodule",
  "pk": 584,
  "fields": {
    "group": 1,
    "module": 18
  }
},
{
  "model": "security.groupmodule",
  "pk": 585,
  "fields": {
    "group": 1,
    "module": 19
  }
},
{
  "model": "security.groupmodule",
  "pk": 586,
  "fields": {
    "group": 1,
    "module": 20
  }
},
{
  "model": "security.groupmodule",
  "pk": 587,
  "fields": {
    "group": 1,
    "module": 21
  }
},
{
  "model": "security.groupmodule",
  "pk": 588,
  "fields": {
    "group": 1,
    "module": 22
  }
},
{
  "model": "security.groupmodule",
  "pk": 589,
  "fields": {
    "group": 1,
    "module": 23
  }
},
{
  "model": "security.groupmodule",
  "pk": 590,
  "fields": {
    "group": 1,
    "module": 24
  }
},
{
  "model": "security.groupmodule",
  "pk": 591,
  "fields": {
    "group": 1,
    "module": 25
  }
},
{
  "model": "security.groupmodule",
  "pk": 592,
  "fields": {
    "group": 1,
    "module": 26
  }
},
{
  "model": "security.groupmodule",
  "pk": 593,
  "fields": {
    "group": 1,
    "module": 27
  }
},
{
  "model": "security.groupmodule",
  "pk": 594,
  "fields": {
    "group": 1,
    "module": 28
  }
},
{
  "model": "security.groupmodule",
  "pk": 595,
  "fields": {
    "group": 1,
    "module": 29
  }
},
{
  "model": "security.groupmodule",
  "pk": 596,
  "fields": {
    "group": 1,
    "module": 30
  }
},
{
  "model": "security.groupmodule",
  "pk": 597,
  "fields": {
    "group": 1,
    "module": 31
  }
},
{
  "model": "security.groupmodule",
  "pk": 598,
  "fields": {
    "group": 1,
    "module": 32
  }
},
{
  "model": "security.groupmodule",
  "pk": 599,
  "fields": {
    "group": 1,
    "module": 33
  }
},
{
  "model": "security.groupmodule",
  "pk": 600,
  "fields": {
    "group": 1,
    "module": 34
  }
},
{
  "model": "security.groupmodule",
  "pk": 601,
  "fields": {
    "group": 1,
    "module": 35
  }
},
{
  "model": "security.groupmodule",
  "pk": 602,
  "fields": {
    "group": 1,
    "module": 36
  }
},
{
  "model": "security.groupmodule",
  "pk": 603,
  "fields": {
    "group": 1,
    "module": 37
  }
},
{
  "model": "security.groupmodule",
  "pk": 604,
  "fields": {
    "group": 1,
    "module": 38
  }
},
{
  "model": "security.groupmodule",
  "pk": 605,
  "fields": {
    "group": 1,
    "module": 39
  }
},
{
  "model": "security.groupmodule",
  "pk": 606,
  "fields": {
    "group": 1,
    "module": 40
  }
},
{
  "model": "security.groupmodule",
  "pk": 607,
  "fields": {
    "group": 1,
    "module": 41
  }
},
{
  "model": "security.groupmodule",
  "pk": 608,
  "fields": {
    "group": 1,
    "module": 42
  }
},
{
  "model": "security.groupmodule",
  "pk": 609,
  "fields": {
    "group": 1,
    "module": 43
  }
},
{
  "model": "security.groupmodule",
  "pk": 610,
  "fields": {
    "group": 1,
    "module": 44
  }
},
{
  "model": "security.groupmodule",
  "pk": 611,
  "fields": {
    "group": 1,
    "module": 45
  }
},
{
  "model": "security.groupmodule",
  "pk": 612,
  "fields": {
    "group": 1,
    "module": 46
  }
},
{
  "model": "security.groupmodule",
  "pk": 613,
  "fields": {
    "group": 1,
    "module": 47
  }
},
{
  "model": "security.groupmodule",
  "pk": 614,
  "fields": {
    "group": 1,
    "module": 48
  }
},
{
  "model": "security.grouppermission",
  "pk": 321,
  "fields": {
    "group": 3,
    "permission": 28,
    "module": 1
  }
},
{
  "model": "security.grouppermission",
  "pk": 322,
  "fields": {
    "group": 3,
    "permission": 29,
    "module": 1
  }
},
{
  "model": "security.grouppermission",
  "pk": 323,
  "fields": {
    "group": 3,
    "permission": 30,
    "module": 1
  }
},
{
  "model": "security.grouppermission",
  "pk": 324,
  "fields": {
    "group": 3,
    "permission": 27,
    "module": 1
  }
},
{
  "model": "security.grouppermission",
  "pk": 325,
  "fields": {
    "group": 3,
    "permission": 31,
    "module": 2
  }
},
{
  "model": "security.grouppermission",
  "pk": 326,
  "fields": {
    "group": 3,
    "permission": 32,
    "module": 2
  }
},
{
  "model": "security.grouppermission",
  "pk": 327,
  "fields": {
    "group": 3,
    "permission": 33,
    "module": 2
  }
},
{
  "model": "security.grouppermission",
  "pk": 328,
  "fields": {
    "group": 3,
    "permission": 34,
    "module": 2
  }
},
{
  "model": "security.grouppermission",
  "pk": 329,
  "fields": {
    "group": 3,
    "permission": 9,
    "module": 3
  }
},
{
  "model": "security.grouppermission",
  "pk": 330,
  "fields": {
    "group": 3,
    "permission": 10,
    "module": 3
  }
},
{
  "model": "security.grouppermission",
  "pk": 331,
  "fields": {
    "group": 3,
    "permission": 11,
    "module": 3
  }
},
{
  "model": "security.grouppermission",
  "pk": 332,
  "fields": {
    "group": 3,
    "permission": 12,
    "module": 3
  }
},
{
  "model": "security.grouppermission",
  "pk": 333,
  "fields": {
    "group": 3,
    "permission": 25,
    "module": 4
  }
},
{
  "model": "security.grouppermission",
  "pk": 334,
  "fields": {
    "group": 3,
    "permission": 26,
    "module": 4
  }
},
{
  "model": "security.grouppermission",
  "pk": 335,
  "fields": {
    "group": 3,
    "permission": 24,
    "module": 4
  }
},
{
  "model": "security.grouppermission",
  "pk": 336,
  "fields": {
    "group": 3,
    "permission": 22,
    "module": 6
  }
},
{
  "model": "security.grouppermission",
  "pk": 337,
  "fields": {
    "group": 3,
    "permission": 21,
    "module": 6
  }
},
{
  "model": "security.grouppermission",
  "pk": 338,
  "fields": {
    "group": 3,
    "permission": 35,
    "module": 7
  }
},
{
  "model": "security.grouppermission",
  "pk": 339,
  "fields": {
    "group": 3,
    "permission": 36,
    "module": 7
  }
},
{
  "model": "security.grouppermission",
  "pk": 340,
  "fields": {
    "group": 3,
    "permission": 37,
    "module": 7
  }
},
{
  "model": "security.grouppermission",
  "pk": 341,
  "fields": {
    "group": 3,
    "permission": 38,
    "module": 7
  }
},
{
  "model": "security.grouppermission",
  "pk": 342,
  "fields": {
    "group": 3,
    "permission": 51,
    "module": 8
  }
},
{
  "model": "security.grouppermission",
  "pk": 343,
  "fields": {
    "group": 3,
    "permission": 86,
    "module": 9
  }
},
{
  "model": "security.grouppermission",
  "pk": 344,
  "fields": {
    "group": 3,
    "permission": 87,
    "module": 9
  }
},
{
  "model": "security.grouppermission",
  "pk": 345,
  "fields": {
    "group": 3,
    "permission": 88,
    "module": 9
  }
},
{
  "model": "security.grouppermission",
  "pk": 346,
  "fields": {
    "group": 3,
    "permission": 89,
    "module": 9
  }
},
{
  "model": "security.grouppermission",
  "pk": 347,
  "fields": {
    "group": 3,
    "permission": 90,
    "module": 10
  }
},
{
  "model": "security.grouppermission",
  "pk": 348,
  "fields": {
    "group": 3,
    "permission": 91,
    "module": 10
  }
},
{
  "model": "security.grouppermission",
  "pk": 349,
  "fields": {
    "group": 3,
    "permission": 92,
    "module": 10
  }
},
{
  "model": "security.grouppermission",
  "pk": 350,
  "fields": {
    "group": 3,
    "permission": 93,
    "module": 10
  }
},
{
  "model": "security.grouppermission",
  "pk": 351,
  "fields": {
    "group": 3,
    "permission": 43,
    "module": 11
  }
},
{
  "model": "security.grouppermission",
  "pk": 352,
  "fields": {
    "group": 3,
    "permission": 44,
    "module": 11
  }
},
{
  "model": "security.grouppermission",
  "pk": 353,
  "fields": {
    "group": 3,
    "permission": 45,
    "module": 11
  }
},
{
  "model": "security.grouppermission",
  "pk": 354,
  "fields": {
    "group": 3,
    "permission": 46,
    "module": 11
  }
},
{
  "model": "security.grouppermission",
  "pk": 355,
  "fields": {
    "group": 3,
    "permission": 52,
    "module": 12
  }
},
{
  "model": "security.grouppermission",
  "pk": 356,
  "fields": {
    "group": 3,
    "permission": 53,
    "module": 12
  }
},
{
  "model": "security.grouppermission",
  "pk": 357,
  "fields": {
    "group": 3,
    "permission": 54,
    "module": 12
  }
},
{
  "model": "security.grouppermission",
  "pk": 358,
  "fields": {
    "group": 3,
    "permission": 55,
    "module": 12
  }
},
{
  "model": "security.grouppermission",
  "pk": 359,
  "fields": {
    "group": 3,
    "permission": 47,
    "module": 13
  }
},
{
  "model": "security.grouppermission",
  "pk": 360,
  "fields": {
    "group": 3,
    "permission": 48,
    "module": 13
  }
},
{
  "model": "security.grouppermission",
  "pk": 361,
  "fields": {
    "group": 3,
    "permission": 49,
    "module": 13
  }
},
{
  "model": "security.grouppermission",
  "pk": 362,
  "fields": {
    "group": 3,
    "permission": 50,
    "module": 13
  }
},
{
  "model": "security.grouppermission",
  "pk": 363,
  "fields": {
    "group": 3,
    "permission": 56,
    "module": 14
  }
},
{
  "model": "security.grouppermission",
  "pk": 364,
  "fields": {
    "group": 3,
    "permission": 57,
    "module": 14
  }
},
{
  "model": "security.grouppermission",
  "pk": 365,
  "fields": {
    "group": 3,
    "permission": 58,
    "module": 14
  }
},
{
  "model": "security.grouppermission",
  "pk": 366,
  "fields": {
    "group": 3,
    "permission": 59,
    "module": 14
  }
},
{
  "model": "security.grouppermission",
  "pk": 367,
  "fields": {
    "group": 3,
    "permission": 61,
    "module": 15
  }
},
{
  "model": "security.grouppermission",
  "pk": 368,
  "fields": {
    "group": 3,
    "permission": 62,
    "module": 15
  }
},
{
  "model": "security.grouppermission",
  "pk": 369,
  "fields": {
    "group": 3,
    "permission": 63,
    "module": 15
  }
},
{
  "model": "security.grouppermission",
  "pk": 370,
  "fields": {
    "group": 3,
    "permission": 60,
    "module": 15
  }
},
{
  "model": "security.grouppermission",
  "pk": 371,
  "fields": {
    "group": 3,
    "permission": 97,
    "module": 16
  }
},
{
  "model": "security.grouppermission",
  "pk": 372,
  "fields": {
    "group": 3,
    "permission": 98,
    "module": 16
  }
},
{
  "model": "security.grouppermission",
  "pk": 373,
  "fields": {
    "group": 3,
    "permission": 99,
    "module": 16
  }
},
{
  "model": "security.grouppermission",
  "pk": 374,
  "fields": {
    "group": 3,
    "permission": 100,
    "module": 16
  }
},
{
  "model": "security.grouppermission",
  "pk": 375,
  "fields": {
    "group": 3,
    "permission": 64,
    "module": 17
  }
},
{
  "model": "security.grouppermission",
  "pk": 376,
  "fields": {
    "group": 3,
    "permission": 65,
    "module": 17
  }
},
{
  "model": "security.grouppermission",
  "pk": 377,
  "fields": {
    "group": 3,
    "permission": 66,
    "module": 17
  }
},
{
  "model": "security.grouppermission",
  "pk": 378,
  "fields": {
    "group": 3,
    "permission": 67,
    "module": 17
  }
},
{
  "model": "security.grouppermission",
  "pk": 379,
  "fields": {
    "group": 3,
    "permission": 101,
    "module": 18
  }
},
{
  "model": "security.grouppermission",
  "pk": 380,
  "fields": {
    "group": 3,
    "permission": 102,
    "module": 18
  }
},
{
  "model": "security.grouppermission",
  "pk": 381,
  "fields": {
    "group": 3,
    "permission": 103,
    "module": 18
  }
},
{
  "model": "security.grouppermission",
  "pk": 382,
  "fields": {
    "group": 3,
    "permission": 104,
    "module": 18
  }
},
{
  "model": "security.grouppermission",
  "pk": 383,
  "fields": {
    "group": 3,
    "permission": 79,
    "module": 19
  }
},
{
  "model": "security.grouppermission",
  "pk": 384,
  "fields": {
    "group": 3,
    "permission": 80,
    "module": 19
  }
},
{
  "model": "security.grouppermission",
  "pk": 385,
  "fields": {
    "group": 3,
    "permission": 81,
    "module": 19
  }
},
{
  "model": "security.grouppermission",
  "pk": 386,
  "fields": {
    "group": 3,
    "permission": 82,
    "module": 19
  }
},
{
  "model": "security.grouppermission",
  "pk": 387,
  "fields": {
    "group": 3,
    "permission": 72,
    "module": 20
  }
},
{
  "model": "security.grouppermission",
  "pk": 388,
  "fields": {
    "group": 3,
    "permission": 73,
    "module": 20
  }
},
{
  "model": "security.grouppermission",
  "pk": 389,
  "fields": {
    "group": 3,
    "permission": 74,
    "module": 20
  }
},
{
  "model": "security.grouppermission",
  "pk": 390,
  "fields": {
    "group": 3,
    "permission": 75,
    "module": 20
  }
},
{
  "model": "security.grouppermission",
  "pk": 391,
  "fields": {
    "group": 3,
    "permission": 39,
    "module": 21
  }
},
{
  "model": "security.grouppermission",
  "pk": 392,
  "fields": {
    "group": 3,
    "permission": 40,
    "module": 21
  }
},
{
  "model": "security.grouppermission",
  "pk": 393,
  "fields": {
    "group": 3,
    "permission": 41,
    "module": 21
  }
},
{
  "model": "security.grouppermission",
  "pk": 394,
  "fields": {
    "group": 3,
    "permission": 42,
    "module": 21
  }
},
{
  "model": "security.grouppermission",
  "pk": 395,
  "fields": {
    "group": 3,
    "permission": 68,
    "module": 22
  }
},
{
  "model": "security.grouppermission",
  "pk": 396,
  "fields": {
    "group": 3,
    "permission": 69,
    "module": 22
  }
},
{
  "model": "security.grouppermission",
  "pk": 397,
  "fields": {
    "group": 3,
    "permission": 70,
    "module": 22
  }
},
{
  "model": "security.grouppermission",
  "pk": 398,
  "fields": {
    "group": 3,
    "permission": 71,
    "module": 22
  }
},
{
  "model": "security.grouppermission",
  "pk": 399,
  "fields": {
    "group": 3,
    "permission": 77,
    "module": 23
  }
},
{
  "model": "security.grouppermission",
  "pk": 400,
  "fields": {
    "group": 3,
    "permission": 78,
    "module": 23
  }
},
{
  "model": "security.grouppermission",
  "pk": 401,
  "fields": {
    "group": 3,
    "permission": 76,
    "module": 23
  }
},
{
  "model": "security.grouppermission",
  "pk": 402,
  "fields": {
    "group": 3,
    "permission": 111,
    "module": 24
  }
},
{
  "model": "security.grouppermission",
  "pk": 403,
  "fields": {
    "group": 3,
    "permission": 112,
    "module": 24
  }
},
{
  "model": "security.grouppermission",
  "pk": 404,
  "fields": {
    "group": 3,
    "permission": 113,
    "module": 24
  }
},
{
  "model": "security.grouppermission",
  "pk": 405,
  "fields": {
    "group": 3,
    "permission": 114,
    "module": 24
  }
},
{
  "model": "security.grouppermission",
  "pk": 406,
  "fields": {
    "group": 3,
    "permission": 108,
    "module": 25
  }
},
{
  "model": "security.grouppermission",
  "pk": 407,
  "fields": {
    "group": 3,
    "permission": 109,
    "module": 25
  }
},
{
  "model": "security.grouppermission",
  "pk": 408,
  "fields": {
    "group": 3,
    "permission": 110,
    "module": 25
  }
},
{
  "model": "security.grouppermission",
  "pk": 409,
  "fields": {
    "group": 3,
    "permission": 107,
    "module": 25
  }
},
{
  "model": "security.grouppermission",
  "pk": 410,
  "fields": {
    "group": 3,
    "permission": 116,
    "module": 26
  }
},
{
  "model": "security.grouppermission",
  "pk": 411,
  "fields": {
    "group": 3,
    "permission": 117,
    "module": 26
  }
},
{
  "model": "security.grouppermission",
  "pk": 412,
  "fields": {
    "group": 3,
    "permission": 118,
    "module": 26
  }
},
{
  "model": "security.grouppermission",
  "pk": 413,
  "fields": {
    "group": 3,
    "permission": 115,
    "module": 26
  }
},
{
  "model": "security.grouppermission",
  "pk": 414,
  "fields": {
    "group": 3,
    "permission": 123,
    "module": 27
  }
},
{
  "model": "security.grouppermission",
  "pk": 415,
  "fields": {
    "group": 3,
    "permission": 124,
    "module": 27
  }
},
{
  "model": "security.grouppermission",
  "pk": 416,
  "fields": {
    "group": 3,
    "permission": 125,
    "module": 27
  }
},
{
  "model": "security.grouppermission",
  "pk": 417,
  "fields": {
    "group": 3,
    "permission": 126,
    "module": 27
  }
},
{
  "model": "security.grouppermission",
  "pk": 418,
  "fields": {
    "group": 3,
    "permission": 119,
    "module": 28
  }
},
{
  "model": "security.grouppermission",
  "pk": 419,
  "fields": {
    "group": 3,
    "permission": 120,
    "module": 28
  }
},
{
  "model": "security.grouppermission",
  "pk": 420,
  "fields": {
    "group": 3,
    "permission": 121,
    "module": 28
  }
},
{
  "model": "security.grouppermission",
  "pk": 421,
  "fields": {
    "group": 3,
    "permission": 122,
    "module": 28
  }
},
{
  "model": "security.grouppermission",
  "pk": 422,
  "fields": {
    "group": 3,
    "permission": 84,
    "module": 29
  }
},
{
  "model": "security.grouppermission",
  "pk": 423,
  "fields": {
    "group": 3,
    "permission": 85,
    "module": 29
  }
},
{
  "model": "security.grouppermission",
  "pk": 424,
  "fields": {
    "group": 3,
    "permission": 83,
    "module": 29
  }
},
{
  "model": "security.grouppermission",
  "pk": 425,
  "fields": {
    "group": 3,
    "permission": 95,
    "module": 32
  }
},
{
  "model": "security.grouppermission",
  "pk": 426,
  "fields": {
    "group": 3,
    "permission": 96,
    "module": 32
  }
},
{
  "model": "security.grouppermission",
  "pk": 427,
  "fields": {
    "group": 3,
    "permission": 94,
    "module": 32
  }
},
{
  "model": "security.grouppermission",
  "pk": 428,
  "fields": {
    "group": 3,
    "permission": 128,
    "module": 33
  }
},
{
  "model": "security.grouppermission",
  "pk": 429,
  "fields": {
    "group": 3,
    "permission": 127,
    "module": 33
  }
},
{
  "model": "security.grouppermission",
  "pk": 430,
  "fields": {
    "group": 4,
    "permission": 28,
    "module": 1
  }
},
{
  "model": "security.grouppermission",
  "pk": 431,
  "fields": {
    "group": 4,
    "permission": 29,
    "module": 1
  }
},
{
  "model": "security.grouppermission",
  "pk": 432,
  "fields": {
    "group": 4,
    "permission": 30,
    "module": 1
  }
},
{
  "model": "security.grouppermission",
  "pk": 433,
  "fields": {
    "group": 4,
    "permission": 27,
    "module": 1
  }
},
{
  "model": "security.grouppermission",
  "pk": 434,
  "fields": {
    "group": 4,
    "permission": 31,
    "module": 2
  }
},
{
  "model": "security.grouppermission",
  "pk": 435,
  "fields": {
    "group": 4,
    "permission": 32,
    "module": 2
  }
},
{
  "model": "security.grouppermission",
  "pk": 436,
  "fields": {
    "group": 4,
    "permission": 33,
    "module": 2
  }
},
{
  "model": "security.grouppermission",
  "pk": 437,
  "fields": {
    "group": 4,
    "permission": 34,
    "module": 2
  }
},
{
  "model": "security.grouppermission",
  "pk": 438,
  "fields": {
    "group": 4,
    "permission": 9,
    "module": 3
  }
},
{
  "model": "security.grouppermission",
  "pk": 439,
  "fields": {
    "group": 4,
    "permission": 10,
    "module": 3
  }
},
{
  "model": "security.grouppermission",
  "pk": 440,
  "fields": {
    "group": 4,
    "permission": 11,
    "module": 3
  }
},
{
  "model": "security.grouppermission",
  "pk": 441,
  "fields": {
    "group": 4,
    "permission": 12,
    "module": 3
  }
},
{
  "model": "security.grouppermission",
  "pk": 442,
  "fields": {
    "group": 4,
    "permission": 25,
    "module": 4
  }
},
{
  "model": "security.grouppermission",
  "pk": 443,
  "fields": {
    "group": 4,
    "permission": 26,
    "module": 4
  }
},
{
  "model": "security.grouppermission",
  "pk": 444,
  "fields": {
    "group": 4,
    "permission": 24,
    "module": 4
  }
},
{
  "model": "security.grouppermission",
  "pk": 445,
  "fields": {
    "group": 4,
    "permission": 22,
    "module": 6
  }
},
{
  "model": "security.grouppermission",
  "pk": 446,
  "fields": {
    "group": 4,
    "permission": 21,
    "module": 6
  }
},
{
  "model": "security.grouppermission",
  "pk": 447,
  "fields": {
    "group": 4,
    "permission": 35,
    "module": 7
  }
},
{
  "model": "security.grouppermission",
  "pk": 448,
  "fields": {
    "group": 4,
    "permission": 36,
    "module": 7
  }
},
{
  "model": "security.grouppermission",
  "pk": 449,
  "fields": {
    "group": 4,
    "permission": 37,
    "module": 7
  }
},
{
  "model": "security.grouppermission",
  "pk": 450,
  "fields": {
    "group": 4,
    "permission": 38,
    "module": 7
  }
},
{
  "model": "security.grouppermission",
  "pk": 451,
  "fields": {
    "group": 4,
    "permission": 51,
    "module": 8
  }
},
{
  "model": "security.grouppermission",
  "pk": 452,
  "fields": {
    "group": 4,
    "permission": 86,
    "module": 9
  }
},
{
  "model": "security.grouppermission",
  "pk": 453,
  "fields": {
    "group": 4,
    "permission": 87,
    "module": 9
  }
},
{
  "model": "security.grouppermission",
  "pk": 454,
  "fields": {
    "group": 4,
    "permission": 88,
    "module": 9
  }
},
{
  "model": "security.grouppermission",
  "pk": 455,
  "fields": {
    "group": 4,
    "permission": 89,
    "module": 9
  }
},
{
  "model": "security.grouppermission",
  "pk": 456,
  "fields": {
    "group": 4,
    "permission": 90,
    "module": 10
  }
},
{
  "model": "security.grouppermission",
  "pk": 457,
  "fields": {
    "group": 4,
    "permission": 91,
    "module": 10
  }
},
{
  "model": "security.grouppermission",
  "pk": 458,
  "fields": {
    "group": 4,
    "permission": 92,
    "module": 10
  }
},
{
  "model": "security.grouppermission",
  "pk": 459,
  "fields": {
    "group": 4,
    "permission": 93,
    "module": 10
  }
},
{
  "model": "security.grouppermission",
  "pk": 460,
  "fields": {
    "group": 4,
    "permission": 43,
    "module": 11
  }
},
{
  "model": "security.grouppermission",
  "pk": 461,
  "fields": {
    "group": 4,
    "permission": 44,
    "module": 11
  }
},
{
  "model": "security.grouppermission",
  "pk": 462,
  "fields": {
    "group": 4,
    "permission": 45,
    "module": 11
  }
},
{
  "model": "security.grouppermission",
  "pk": 463,
  "fields": {
    "group": 4,
    "permission": 46,
    "module": 11
  }
},
{
  "model": "security.grouppermission",
  "pk": 464,
  "fields": {
    "group": 4,
    "permission": 52,
    "module": 12
  }
},
{
  "model": "security.grouppermission",
  "pk": 465,
  "fields": {
    "group": 4,
    "permission": 53,
    "module": 12
  }
},
{
  "model": "security.grouppermission",
  "pk": 466,
  "fields": {
    "group": 4,
    "permission": 54,
    "module": 12
  }
},
{
  "model": "security.grouppermission",
  "pk": 467,
  "fields": {
    "group": 4,
    "permission": 55,
    "module": 12
  }
},
{
  "model": "security.grouppermission",
  "pk": 468,
  "fields": {
    "group": 4,
    "permission": 47,
    "module": 13
  }
},
{
  "model": "security.grouppermission",
  "pk": 469,
  "fields": {
    "group": 4,
    "permission": 48,
    "module": 13
  }
},
{
  "model": "security.grouppermission",
  "pk": 470,
  "fields": {
    "group": 4,
    "permission": 49,
    "module": 13
  }
},
{
  "model": "security.grouppermission",
  "pk": 471,
  "fields": {
    "group": 4,
    "permission": 50,
    "module": 13
  }
},
{
  "model": "security.grouppermission",
  "pk": 472,
  "fields": {
    "group": 4,
    "permission": 56,
    "module": 14
  }
},
{
  "model": "security.grouppermission",
  "pk": 473,
  "fields": {
    "group": 4,
    "permission": 57,
    "module": 14
  }
},
{
  "model": "security.grouppermission",
  "pk": 474,
  "fields": {
    "group": 4,
    "permission": 58,
    "module": 14
  }
},
{
  "model": "security.grouppermission",
  "pk": 475,
  "fields": {
    "group": 4,
    "permission": 59,
    "module": 14
  }
},
{
  "model": "security.grouppermission",
  "pk": 476,
  "fields": {
    "group": 4,
    "permission": 61,
    "module": 15
  }
},
{
  "model": "security.grouppermission",
  "pk": 477,
  "fields": {
    "group": 4,
    "permission": 62,
    "module": 15
  }
},
{
  "model": "security.grouppermission",
  "pk": 478,
  "fields": {
    "group": 4,
    "permission": 63,
    "module": 15
  }
},
{
  "model": "security.grouppermission",
  "pk": 479,
  "fields": {
    "group": 4,
    "permission": 60,
    "module": 15
  }
},
{
  "model": "security.grouppermission",
  "pk": 480,
  "fields": {
    "group": 4,
    "permission": 97,
    "module": 16
  }
},
{
  "model": "security.grouppermission",
  "pk": 481,
  "fields": {
    "group": 4,
    "permission": 98,
    "module": 16
  }
},
{
  "model": "security.grouppermission",
  "pk": 482,
  "fields": {
    "group": 4,
    "permission": 99,
    "module": 16
  }
},
{
  "model": "security.grouppermission",
  "pk": 483,
  "fields": {
    "group": 4,
    "permission": 100,
    "module": 16
  }
},
{
  "model": "security.grouppermission",
  "pk": 484,
  "fields": {
    "group": 4,
    "permission": 64,
    "module": 17
  }
},
{
  "model": "security.grouppermission",
  "pk": 485,
  "fields": {
    "group": 4,
    "permission": 65,
    "module": 17
  }
},
{
  "model": "security.grouppermission",
  "pk": 486,
  "fields": {
    "group": 4,
    "permission": 66,
    "module": 17
  }
},
{
  "model": "security.grouppermission",
  "pk": 487,
  "fields": {
    "group": 4,
    "permission": 67,
    "module": 17
  }
},
{
  "model": "security.grouppermission",
  "pk": 488,
  "fields": {
    "group": 4,
    "permission": 101,
    "module": 18
  }
},
{
  "model": "security.grouppermission",
  "pk": 489,
  "fields": {
    "group": 4,
    "permission": 102,
    "module": 18
  }
},
{
  "model": "security.grouppermission",
  "pk": 490,
  "fields": {
    "group": 4,
    "permission": 103,
    "module": 18
  }
},
{
  "model": "security.grouppermission",
  "pk": 491,
  "fields": {
    "group": 4,
    "permission": 104,
    "module": 18
  }
},
{
  "model": "security.grouppermission",
  "pk": 492,
  "fields": {
    "group": 4,
    "permission": 79,
    "module": 19
  }
},
{
  "model": "security.grouppermission",
  "pk": 493,
  "fields": {
    "group": 4,
    "permission": 80,
    "module": 19
  }
},
{
  "model": "security.grouppermission",
  "pk": 494,
  "fields": {
    "group": 4,
    "permission": 81,
    "module": 19
  }
},
{
  "model": "security.grouppermission",
  "pk": 495,
  "fields": {
    "group": 4,
    "permission": 82,
    "module": 19
  }
},
{
  "model": "security.grouppermission",
  "pk": 496,
  "fields": {
    "group": 4,
    "permission": 72,
    "module": 20
  }
},
{
  "model": "security.grouppermission",
  "pk": 497,
  "fields": {
    "group": 4,
    "permission": 73,
    "module": 20
  }
},
{
  "model": "security.grouppermission",
  "pk": 498,
  "fields": {
    "group": 4,
    "permission": 74,
    "module": 20
  }
},
{
  "model": "security.grouppermission",
  "pk": 499,
  "fields": {
    "group": 4,
    "permission": 75,
    "module": 20
  }
},
{
  "model": "security.grouppermission",
  "pk": 500,
  "fields": {
    "group": 4,
    "permission": 39,
    "module": 21
  }
},
{
  "model": "security.grouppermission",
  "pk": 501,
  "fields": {
    "group": 4,
    "permission": 40,
    "module": 21
  }
},
{
  "model": "security.grouppermission",
  "pk": 502,
  "fields": {
    "group": 4,
    "permission": 41,
    "module": 21
  }
},
{
  "model": "security.grouppermission",
  "pk": 503,
  "fields": {
    "group": 4,
    "permission": 42,
    "module": 21
  }
},
{
  "model": "security.grouppermission",
  "pk": 504,
  "fields": {
    "group": 4,
    "permission": 68,
    "module": 22
  }
},
{
  "model": "security.grouppermission",
  "pk": 505,
  "fields": {
    "group": 4,
    "permission": 69,
    "module": 22
  }
},
{
  "model": "security.grouppermission",
  "pk": 506,
  "fields": {
    "group": 4,
    "permission": 70,
    "module": 22
  }
},
{
  "model": "security.grouppermission",
  "pk": 507,
  "fields": {
    "group": 4,
    "permission": 71,
    "module": 22
  }
},
{
  "model": "security.grouppermission",
  "pk": 508,
  "fields": {
    "group": 4,
    "permission": 77,
    "module": 23
  }
},
{
  "model": "security.grouppermission",
  "pk": 509,
  "fields": {
    "group": 4,
    "permission": 78,
    "module": 23
  }
},
{
  "model": "security.grouppermission",
  "pk": 510,
  "fields": {
    "group": 4,
    "permission": 76,
    "module": 23
  }
},
{
  "model": "security.grouppermission",
  "pk": 511,
  "fields": {
    "group": 4,
    "permission": 111,
    "module": 24
  }
},
{
  "model": "security.grouppermission",
  "pk": 512,
  "fields": {
    "group": 4,
    "permission": 112,
    "module": 24
  }
},
{
  "model": "security.grouppermission",
  "pk": 513,
  "fields": {
    "group": 4,
    "permission": 113,
    "module": 24
  }
},
{
  "model": "security.grouppermission",
  "pk": 514,
  "fields": {
    "group": 4,
    "permission": 114,
    "module": 24
  }
},
{
  "model": "security.grouppermission",
  "pk": 515,
  "fields": {
    "group": 4,
    "permission": 108,
    "module": 25
  }
},
{
  "model": "security.grouppermission",
  "pk": 516,
  "fields": {
    "group": 4,
    "permission": 109,
    "module": 25
  }
},
{
  "model": "security.grouppermission",
  "pk": 517,
  "fields": {
    "group": 4,
    "permission": 110,
    "module": 25
  }
},
{
  "model": "security.grouppermission",
  "pk": 518,
  "fields": {
    "group": 4,
    "permission": 107,
    "module": 25
  }
},
{
  "model": "security.grouppermission",
  "pk": 519,
  "fields": {
    "group": 4,
    "permission": 116,
    "module": 26
  }
},
{
  "model": "security.grouppermission",
  "pk": 520,
  "fields": {
    "group": 4,
    "permission": 117,
    "module": 26
  }
},
{
  "model": "security.grouppermission",
  "pk": 521,
  "fields": {
    "group": 4,
    "permission": 118,
    "module": 26
  }
},
{
  "model": "security.grouppermission",
  "pk": 522,
  "fields": {
    "group": 4,
    "permission": 115,
    "module": 26
  }
},
{
  "model": "security.grouppermission",
  "pk": 523,
  "fields": {
    "group": 4,
    "permission": 123,
    "module": 27
  }
},
{
  "model": "security.grouppermission",
  "pk": 524,
  "fields": {
    "group": 4,
    "permission": 124,
    "module": 27
  }
},
{
  "model": "security.grouppermission",
  "pk": 525,
  "fields": {
    "group": 4,
    "permission": 125,
    "module": 27
  }
},
{
  "model": "security.grouppermission",
  "pk": 526,
  "fields": {
    "group": 4,
    "permission": 126,
    "module": 27
  }
},
{
  "model": "security.grouppermission",
  "pk": 527,
  "fields": {
    "group": 4,
    "permission": 119,
    "module": 28
  }
},
{
  "model": "security.grouppermission",
  "pk": 528,
  "fields": {
    "group": 4,
    "permission": 120,
    "module": 28
  }
},
{
  "model": "security.grouppermission",
  "pk": 529,
  "fields": {
    "group": 4,
    "permission": 121,
    "module": 28
  }
},
{
  "model": "security.grouppermission",
  "pk": 530,
  "fields": {
    "group": 4,
    "permission": 122,
    "module": 28
  }
},
{
  "model": "security.grouppermission",
  "pk": 531,
  "fields": {
    "group": 4,
    "permission": 84,
    "module": 29
  }
},
{
  "model": "security.grouppermission",
  "pk": 532,
  "fields": {
    "group": 4,
    "permission": 85,
    "module": 29
  }
},
{
  "model": "security.grouppermission",
  "pk": 533,
  "fields": {
    "group": 4,
    "permission": 83,
    "module": 29
  }
},
{
  "model": "security.grouppermission",
  "pk": 534,
  "fields": {
    "group": 4,
    "permission": 95,
    "module": 32
  }
},
{
  "model": "security.grouppermission",
  "pk": 535,
  "fields": {
    "group": 4,
    "permission": 96,
    "module": 32
  }
},
{
  "model": "security.grouppermission",
  "pk": 536,
  "fields": {
    "group": 4,
    "permission": 94,
    "module": 32
  }
},
{
  "model": "security.grouppermission",
  "pk": 537,
  "fields": {
    "group": 4,
    "permission": 128,
    "module": 33
  }
},
{
  "model": "security.grouppermission",
  "pk": 538,
  "fields": {
    "group": 4,
    "permission": 127,
    "module": 33
  }
},
{
  "model": "security.grouppermission",
  "pk": 539,
  "fields": {
    "group": 5,
    "permission": 71,
    "module": 22
  }
},
{
  "model": "security.grouppermission",
  "pk": 1505,
  "fields": {
    "group": 1,
    "permission": 9,
    "module": 3
  }
},
{
  "model": "security.grouppermission",
  "pk": 1506,
  "fields": {
    "group": 1,
    "permission": 10,
    "module": 3
  }
},
{
  "model": "security.grouppermission",
  "pk": 1507,
  "fields": {
    "group": 1,
    "permission": 11,
    "module": 3
  }
},
{
  "model": "security.grouppermission",
  "pk": 1508,
  "fields": {
    "group": 1,
    "permission": 12,
    "module": 3
  }
},
{
  "model": "security.grouppermission",
  "pk": 1509,
  "fields": {
    "group": 1,
    "permission": 25,
    "module": 4
  }
},
{
  "model": "security.grouppermission",
  "pk": 1510,
  "fields": {
    "group": 1,
    "permission": 26,
    "module": 4
  }
},
{
  "model": "security.grouppermission",
  "pk": 1511,
  "fields": {
    "group": 1,
    "permission": 24,
    "module": 4
  }
},
{
  "model": "security.grouppermission",
  "pk": 1512,
  "fields": {
    "group": 1,
    "permission": 22,
    "module": 6
  }
},
{
  "model": "security.grouppermission",
  "pk": 1513,
  "fields": {
    "group": 1,
    "permission": 21,
    "module": 6
  }
},
{
  "model": "security.grouppermission",
  "pk": 1514,
  "fields": {
    "group": 1,
    "permission": 35,
    "module": 7
  }
},
{
  "model": "security.grouppermission",
  "pk": 1515,
  "fields": {
    "group": 1,
    "permission": 36,
    "module": 7
  }
},
{
  "model": "security.grouppermission",
  "pk": 1516,
  "fields": {
    "group": 1,
    "permission": 37,
    "module": 7
  }
},
{
  "model": "security.grouppermission",
  "pk": 1517,
  "fields": {
    "group": 1,
    "permission": 38,
    "module": 7
  }
},
{
  "model": "security.grouppermission",
  "pk": 1518,
  "fields": {
    "group": 1,
    "permission": 51,
    "module": 8
  }
},
{
  "model": "security.grouppermission",
  "pk": 1519,
  "fields": {
    "group": 1,
    "permission": 86,
    "module": 9
  }
},
{
  "model": "security.grouppermission",
  "pk": 1520,
  "fields": {
    "group": 1,
    "permission": 87,
    "module": 9
  }
},
{
  "model": "security.grouppermission",
  "pk": 1521,
  "fields": {
    "group": 1,
    "permission": 88,
    "module": 9
  }
},
{
  "model": "security.grouppermission",
  "pk": 1522,
  "fields": {
    "group": 1,
    "permission": 89,
    "module": 9
  }
},
{
  "model": "security.grouppermission",
  "pk": 1523,
  "fields": {
    "group": 1,
    "permission": 90,
    "module": 10
  }
},
{
  "model": "security.grouppermission",
  "pk": 1524,
  "fields": {
    "group": 1,
    "permission": 91,
    "module": 10
  }
},
{
  "model": "security.grouppermission",
  "pk": 1525,
  "fields": {
    "group": 1,
    "permission": 92,
    "module": 10
  }
},
{
  "model": "security.grouppermission",
  "pk": 1526,
  "fields": {
    "group": 1,
    "permission": 93,
    "module": 10
  }
},
{
  "model": "security.grouppermission",
  "pk": 1527,
  "fields": {
    "group": 1,
    "permission": 43,
    "module": 11
  }
},
{
  "model": "security.grouppermission",
  "pk": 1528,
  "fields": {
    "group": 1,
    "permission": 44,
    "module": 11
  }
},
{
  "model": "security.grouppermission",
  "pk": 1529,
  "fields": {
    "group": 1,
    "permission": 45,
    "module": 11
  }
},
{
  "model": "security.grouppermission",
  "pk": 1530,
  "fields": {
    "group": 1,
    "permission": 46,
    "module": 11
  }
},
{
  "model": "security.grouppermission",
  "pk": 1531,
  "fields": {
    "group": 1,
    "permission": 52,
    "module": 12
  }
},
{
  "model": "security.grouppermission",
  "pk": 1532,
  "fields": {
    "group": 1,
    "permission": 53,
    "module": 12
  }
},
{
  "model": "security.grouppermission",
  "pk": 1533,
  "fields": {
    "group": 1,
    "permission": 54,
    "module": 12
  }
},
{
  "model": "security.grouppermission",
  "pk": 1534,
  "fields": {
    "group": 1,
    "permission": 55,
    "module": 12
  }
},
{
  "model": "security.grouppermission",
  "pk": 1535,
  "fields": {
    "group": 1,
    "permission": 47,
    "module": 13
  }
},
{
  "model": "security.grouppermission",
  "pk": 1536,
  "fields": {
    "group": 1,
    "permission": 48,
    "module": 13
  }
},
{
  "model": "security.grouppermission",
  "pk": 1537,
  "fields": {
    "group": 1,
    "permission": 49,
    "module": 13
  }
},
{
  "model": "security.grouppermission",
  "pk": 1538,
  "fields": {
    "group": 1,
    "permission": 50,
    "module": 13
  }
},
{
  "model": "security.grouppermission",
  "pk": 1539,
  "fields": {
    "group": 1,
    "permission": 56,
    "module": 14
  }
},
{
  "model": "security.grouppermission",
  "pk": 1540,
  "fields": {
    "group": 1,
    "permission": 57,
    "module": 14
  }
},
{
  "model": "security.grouppermission",
  "pk": 1541,
  "fields": {
    "group": 1,
    "permission": 58,
    "module": 14
  }
},
{
  "model": "security.grouppermission",
  "pk": 1542,
  "fields": {
    "group": 1,
    "permission": 59,
    "module": 14
  }
},
{
  "model": "security.grouppermission",
  "pk": 1543,
  "fields": {
    "group": 1,
    "permission": 61,
    "module": 15
  }
},
{
  "model": "security.grouppermission",
  "pk": 1544,
  "fields": {
    "group": 1,
    "permission": 62,
    "module": 15
  }
},
{
  "model": "security.grouppermission",
  "pk": 1545,
  "fields": {
    "group": 1,
    "permission": 63,
    "module": 15
  }
},
{
  "model": "security.grouppermission",
  "pk": 1546,
  "fields": {
    "group": 1,
    "permission": 60,
    "module": 15
  }
},
{
  "model": "security.grouppermission",
  "pk": 1547,
  "fields": {
    "group": 1,
    "permission": 97,
    "module": 16
  }
},
{
  "model": "security.grouppermission",
  "pk": 1548,
  "fields": {
    "group": 1,
    "permission": 98,
    "module": 16
  }
},
{
  "model": "security.grouppermission",
  "pk": 1549,
  "fields": {
    "group": 1,
    "permission": 99,
    "module": 16
  }
},
{
  "model": "security.grouppermission",
  "pk": 1550,
  "fields": {
    "group": 1,
    "permission": 100,
    "module": 16
  }
},
{
  "model": "security.grouppermission",
  "pk": 1551,
  "fields": {
    "group": 1,
    "permission": 64,
    "module": 17
  }
},
{
  "model": "security.grouppermission",
  "pk": 1552,
  "fields": {
    "group": 1,
    "permission": 65,
    "module": 17
  }
},
{
  "model": "security.grouppermission",
  "pk": 1553,
  "fields": {
    "group": 1,
    "permission": 66,
    "module": 17
  }
},
{
  "model": "security.grouppermission",
  "pk": 1554,
  "fields": {
    "group": 1,
    "permission": 67,
    "module": 17
  }
},
{
  "model": "security.grouppermission",
  "pk": 1555,
  "fields": {
    "group": 1,
    "permission": 101,
    "module": 18
  }
},
{
  "model": "security.grouppermission",
  "pk": 1556,
  "fields": {
    "group": 1,
    "permission": 102,
    "module": 18
  }
},
{
  "model": "security.grouppermission",
  "pk": 1557,
  "fields": {
    "group": 1,
    "permission": 103,
    "module": 18
  }
},
{
  "model": "security.grouppermission",
  "pk": 1558,
  "fields": {
    "group": 1,
    "permission": 104,
    "module": 18
  }
},
{
  "model": "security.grouppermission",
  "pk": 1559,
  "fields": {
    "group": 1,
    "permission": 79,
    "module": 19
  }
},
{
  "model": "security.grouppermission",
  "pk": 1560,
  "fields": {
    "group": 1,
    "permission": 80,
    "module": 19
  }
},
{
  "model": "security.grouppermission",
  "pk": 1561,
  "fields": {
    "group": 1,
    "permission": 81,
    "module": 19
  }
},
{
  "model": "security.grouppermission",
  "pk": 1562,
  "fields": {
    "group": 1,
    "permission": 82,
    "module": 19
  }
},
{
  "model": "security.grouppermission",
  "pk": 1563,
  "fields": {
    "group": 1,
    "permission": 72,
    "module": 20
  }
},
{
  "model": "security.grouppermission",
  "pk": 1564,
  "fields": {
    "group": 1,
    "permission": 73,
    "module": 20
  }
},
{
  "model": "security.grouppermission",
  "pk": 1565,
  "fields": {
    "group": 1,
    "permission": 74,
    "module": 20
  }
},
{
  "model": "security.grouppermission",
  "pk": 1566,
  "fields": {
    "group": 1,
    "permission": 75,
    "module": 20
  }
},
{
  "model": "security.grouppermission",
  "pk": 1567,
  "fields": {
    "group": 1,
    "permission": 39,
    "module": 21
  }
},
{
  "model": "security.grouppermission",
  "pk": 1568,
  "fields": {
    "group": 1,
    "permission": 40,
    "module": 21
  }
},
{
  "model": "security.grouppermission",
  "pk": 1569,
  "fields": {
    "group": 1,
    "permission": 41,
    "module": 21
  }
},
{
  "model": "security.grouppermission",
  "pk": 1570,
  "fields": {
    "group": 1,
    "permission": 42,
    "module": 21
  }
},
{
  "model": "security.grouppermission",
  "pk": 1571,
  "fields": {
    "group": 1,
    "permission": 68,
    "module": 22
  }
},
{
  "model": "security.grouppermission",
  "pk": 1572,
  "fields": {
    "group": 1,
    "permission": 69,
    "module": 22
  }
},
{
  "model": "security.grouppermission",
  "pk": 1573,
  "fields": {
    "group": 1,
    "permission": 70,
    "module": 22
  }
},
{
  "model": "security.grouppermission",
  "pk": 1574,
  "fields": {
    "group": 1,
    "permission": 71,
    "module": 22
  }
},
{
  "model": "security.grouppermission",
  "pk": 1575,
  "fields": {
    "group": 1,
    "permission": 77,
    "module": 23
  }
},
{
  "model": "security.grouppermission",
  "pk": 1576,
  "fields": {
    "group": 1,
    "permission": 78,
    "module": 23
  }
},
{
  "model": "security.grouppermission",
  "pk": 1577,
  "fields": {
    "group": 1,
    "permission": 76,
    "module": 23
  }
},
{
  "model": "security.grouppermission",
  "pk": 1578,
  "fields": {
    "group": 1,
    "permission": 111,
    "module": 24
  }
},
{
  "model": "security.grouppermission",
  "pk": 1579,
  "fields": {
    "group": 1,
    "permission": 112,
    "module": 24
  }
},
{
  "model": "security.grouppermission",
  "pk": 1580,
  "fields": {
    "group": 1,
    "permission": 113,
    "module": 24
  }
},
{
  "model": "security.grouppermission",
  "pk": 1581,
  "fields": {
    "group": 1,
    "permission": 114,
    "module": 24
  }
},
{
  "model": "security.grouppermission",
  "pk": 1582,
  "fields": {
    "group": 1,
    "permission": 108,
    "module": 25
  }
},
{
  "model": "security.grouppermission",
  "pk": 1583,
  "fields": {
    "group": 1,
    "permission": 109,
    "module": 25
  }
},
{
  "model": "security.grouppermission",
  "pk": 1584,
  "fields": {
    "group": 1,
    "permission": 110,
    "module": 25
  }
},
{
  "model": "security.grouppermission",
  "pk": 1585,
  "fields": {
    "group": 1,
    "permission": 107,
    "module": 25
  }
},
{
  "model": "security.grouppermission",
  "pk": 1586,
  "fields": {
    "group": 1,
    "permission": 116,
    "module": 26
  }
},
{
  "model": "security.grouppermission",
  "pk": 1587,
  "fields": {
    "group": 1,
    "permission": 117,
    "module": 26
  }
},
{
  "model": "security.grouppermission",
  "pk": 1588,
  "fields": {
    "group": 1,
    "permission": 118,
    "module": 26
  }
},
{
  "model": "security.grouppermission",
  "pk": 1589,
  "fields": {
    "group": 1,
    "permission": 115,
    "module": 26
  }
},
{
  "model": "security.grouppermission",
  "pk": 1590,
  "fields": {
    "group": 1,
    "permission": 123,
    "module": 27
  }
},
{
  "model": "security.grouppermission",
  "pk": 1591,
  "fields": {
    "group": 1,
    "permission": 124,
    "module": 27
  }
},
{
  "model": "security.grouppermission",
  "pk": 1592,
  "fields": {
    "group": 1,
    "permission": 125,
    "module": 27
  }
},
{
  "model": "security.grouppermission",
  "pk": 1593,
  "fields": {
    "group": 1,
    "permission": 126,
    "module": 27
  }
},
{
  "model": "security.grouppermission",
  "pk": 1594,
  "fields": {
    "group": 1,
    "permission": 119,
    "module": 28
  }
},
{
  "model": "security.grouppermission",
  "pk": 1595,
  "fields": {
    "group": 1,
    "permission": 120,
    "module": 28
  }
},
{
  "model": "security.grouppermission",
  "pk": 1596,
  "fields": {
    "group": 1,
    "permission": 121,
    "module": 28
  }
},
{
  "model": "security.grouppermission",
  "pk": 1597,
  "fields": {
    "group": 1,
    "permission": 122,
    "module": 28
  }
},
{
  "model": "security.grouppermission",
  "pk": 1598,
  "fields": {
    "group": 1,
    "permission": 84,
    "module": 29
  }
},
{
  "model": "security.grouppermission",
  "pk": 1599,
  "fields": {
    "group": 1,
    "permission": 85,
    "module": 29
  }
},
{
  "model": "security.grouppermission",
  "pk": 1600,
  "fields": {
    "group": 1,
    "permission": 83,
    "module": 29
  }
},
{
  "model": "security.grouppermission",
  "pk": 1601,
  "fields": {
    "group": 1,
    "permission": 95,
    "module": 32
  }
},
{
  "model": "security.grouppermission",
  "pk": 1602,
  "fields": {
    "group": 1,
    "permission": 96,
    "module": 32
  }
},
{
  "model": "security.grouppermission",
  "pk": 1603,
  "fields": {
    "group": 1,
    "permission": 94,
    "module": 32
  }
},
{
  "model": "security.grouppermission",
  "pk": 1604,
  "fields": {
    "group": 1,
    "permission": 128,
    "module": 33
  }
},
{
  "model": "security.grouppermission",
  "pk": 1605,
  "fields": {
    "group": 1,
    "permission": 127,
    "module": 33
  }
},
{
  "model": "security.databasebackups",
  "pk": 1,
  "fields": {
    "user": 1,
    "date_joined": "2022-06-14",
    "hour": "11:24:50.947",
    "remote_addr": "181.39.5.150",
    "http_user_agent": "PC / Windows 10 / Chrome 79.0.3945",
    "archive": "backup/2022/06/14/backup_2022-06-14_112450.db"
  }
},
{
  "model": "security.databasebackups",
  "pk": 2,
  "fields": {
    "user": 1,
    "date_joined": "2022-06-14",
    "hour": "12:26:27.197",
    "remote_addr": "181.39.5.150",
    "http_user_agent": "PC / Windows 10 / Chrome 79.0.3945",
    "archive": "backup/2022/06/14/backup_2022-06-14_122627.db"
  }
},
{
  "model": "security.databasebackups",
  "pk": 3,
  "fields": {
    "user": 1,
    "date_joined": "2022-08-03",
    "hour": "10:42:23.165",
    "remote_addr": "181.39.5.150",
    "http_user_agent": "PC / Windows 10 / Edge 103.0.1264",
    "archive": "backup/2022/08/03/backup_2022-08-03_104223.db"
  }
},
{
  "model": "security.databasebackups",
  "pk": 4,
  "fields": {
    "user": 1,
    "date_joined": "2022-09-09",
    "hour": "04:58:58.561",
    "remote_addr": "190.154.171.187",
    "http_user_agent": "PC / Windows 10 / Chrome 104.0.5112",
    "archive": "backup/2022/09/09/backup_2022-09-09_045858.db"
  }
},
{
  "model": "security.accessusers",
  "pk": 1,
  "fields": {
    "user": 1,
    "date_joined": "2022-06-02",
    "hour": "18:13:15.616",
    "remote_addr": "127.0.0.1",
    "http_user_agent": "PC / Windows 10 / Chrome 102.0.5005"
  }
},
{
  "model": "security.accessusers",
  "pk": 2,
  "fields": {
    "user": 1,
    "date_joined": "2022-06-04",
    "hour": "23:04:19.309",
    "remote_addr": "127.0.0.1",
    "http_user_agent": "PC / Windows 10 / Chrome 102.0.5005"
  }
},
{
  "model": "security.accessusers",
  "pk": 3,
  "fields": {
    "user": 1,
    "date_joined": "2022-06-04",
    "hour": "23:06:27.646",
    "remote_addr": "127.0.0.1",
    "http_user_agent": "PC / Windows 10 / Chrome 102.0.5005"
  }
},
{
  "model": "security.accessusers",
  "pk": 4,
  "fields": {
    "user": 1,
    "date_joined": "2022-06-05",
    "hour": "15:30:09.453",
    "remote_addr": "127.0.0.1",
    "http_user_agent": "PC / Windows 10 / Chrome 102.0.5005"
  }
},
{
  "model": "security.accessusers",
  "pk": 5,
  "fields": {
    "user": 1,
    "date_joined": "2022-06-05",
    "hour": "15:58:13.057",
    "remote_addr": "127.0.0.1",
    "http_user_agent": "PC / Windows 10 / Chrome 102.0.5005"
  }
},
{
  "model": "security.accessusers",
  "pk": 6,
  "fields": {
    "user": 1,
    "date_joined": "2022-06-05",
    "hour": "16:21:28.491",
    "remote_addr": "127.0.0.1",
    "http_user_agent": "PC / Windows 10 / Chrome 102.0.5005"
  }
},
{
  "model": "security.accessusers",
  "pk": 7,
  "fields": {
    "user": 1,
    "date_joined": "2022-06-05",
    "hour": "16:29:18.263",
    "remote_addr": "127.0.0.1",
    "http_user_agent": "PC / Windows 10 / Chrome 102.0.5005"
  }
},
{
  "model": "security.accessusers",
  "pk": 8,
  "fields": {
    "user": 1,
    "date_joined": "2022-06-05",
    "hour": "16:32:34.616",
    "remote_addr": "127.0.0.1",
    "http_user_agent": "PC / Windows 10 / Chrome 102.0.5005"
  }
},
{
  "model": "security.accessusers",
  "pk": 9,
  "fields": {
    "user": 1,
    "date_joined": "2022-06-05",
    "hour": "16:40:04.085",
    "remote_addr": "127.0.0.1",
    "http_user_agent": "PC / Windows 10 / Chrome 102.0.5005"
  }
},
{
  "model": "security.accessusers",
  "pk": 10,
  "fields": {
    "user": 1,
    "date_joined": "2022-06-11",
    "hour": "19:45:27.387",
    "remote_addr": "181.199.63.79",
    "http_user_agent": "M2101K6G / Android 12 / Chrome Mobile 102.0.0"
  }
},
{
  "model": "security.accessusers",
  "pk": 11,
  "fields": {
    "user": 1,
    "date_joined": "2022-06-12",
    "hour": "09:24:44.528",
    "remote_addr": "181.113.147.244",
    "http_user_agent": "PC / Windows 10 / Chrome 101.0.0"
  }
},
{
  "model": "security.accessusers",
  "pk": 12,
  "fields": {
    "user": 1,
    "date_joined": "2022-06-12",
    "hour": "09:40:13.027",
    "remote_addr": "181.113.147.244",
    "http_user_agent": "PC / Windows 10 / Chrome 101.0.0"
  }
},
{
  "model": "security.accessusers",
  "pk": 13,
  "fields": {
    "user": 1,
    "date_joined": "2022-06-12",
    "hour": "09:41:29.820",
    "remote_addr": "181.113.147.244",
    "http_user_agent": "PC / Windows 10 / Chrome 101.0.0"
  }
},
{
  "model": "security.accessusers",
  "pk": 14,
  "fields": {
    "user": 1,
    "date_joined": "2022-06-12",
    "hour": "09:42:40.351",
    "remote_addr": "181.113.147.244",
    "http_user_agent": "PC / Windows 10 / Chrome 101.0.0"
  }
},
{
  "model": "security.accessusers",
  "pk": 15,
  "fields": {
    "user": 1,
    "date_joined": "2022-06-12",
    "hour": "10:19:27.222",
    "remote_addr": "181.113.147.244",
    "http_user_agent": "PC / Windows 10 / Chrome 101.0.0"
  }
},
{
  "model": "security.accessusers",
  "pk": 16,
  "fields": {
    "user": 1,
    "date_joined": "2022-06-13",
    "hour": "11:10:22.911",
    "remote_addr": "191.99.24.23",
    "http_user_agent": "PC / Windows 10 / Firefox 101.0"
  }
},
{
  "model": "security.accessusers",
  "pk": 17,
  "fields": {
    "user": 1,
    "date_joined": "2022-06-13",
    "hour": "12:31:50.506",
    "remote_addr": "179.51.140.34",
    "http_user_agent": "PC / Linux / Chrome 98.0.4758"
  }
},
{
  "model": "security.accessusers",
  "pk": 18,
  "fields": {
    "user": 1,
    "date_joined": "2022-06-14",
    "hour": "06:00:16.172",
    "remote_addr": "127.0.0.1",
    "http_user_agent": "PC / Linux / Chrome 98.0.4758"
  }
},
{
  "model": "security.accessusers",
  "pk": 19,
  "fields": {
    "user": 1,
    "date_joined": "2022-06-14",
    "hour": "10:39:39.751",
    "remote_addr": "181.39.5.150",
    "http_user_agent": "PC / Windows 10 / Chrome 79.0.3945"
  }
},
{
  "model": "security.accessusers",
  "pk": 20,
  "fields": {
    "user": 1,
    "date_joined": "2022-06-14",
    "hour": "10:56:20.526",
    "remote_addr": "181.39.5.150",
    "http_user_agent": "PC / Windows 10 / Chrome 79.0.3945"
  }
},
{
  "model": "security.accessusers",
  "pk": 21,
  "fields": {
    "user": 1,
    "date_joined": "2022-06-14",
    "hour": "12:23:43.169",
    "remote_addr": "181.39.5.150",
    "http_user_agent": "PC / Windows 10 / Chrome 79.0.3945"
  }
},
{
  "model": "security.accessusers",
  "pk": 22,
  "fields": {
    "user": 1,
    "date_joined": "2022-06-14",
    "hour": "12:42:40.961",
    "remote_addr": "190.63.117.20",
    "http_user_agent": "XiaoMi Redmi Note 8 / Android 10 / Chrome Mobile 102.0.0"
  }
},
{
  "model": "security.accessusers",
  "pk": 23,
  "fields": {
    "user": 1,
    "date_joined": "2022-06-14",
    "hour": "12:48:18.237",
    "remote_addr": "190.63.117.20",
    "http_user_agent": "PC / Windows 10 / Chrome 102.0.0"
  }
},
{
  "model": "security.accessusers",
  "pk": 24,
  "fields": {
    "user": 1,
    "date_joined": "2022-06-20",
    "hour": "11:47:25.300",
    "remote_addr": "190.10.132.246",
    "http_user_agent": "PC / Windows 10 / Chrome 102.0.5005"
  }
},
{
  "model": "security.accessusers",
  "pk": 25,
  "fields": {
    "user": 1,
    "date_joined": "2022-06-20",
    "hour": "11:48:20.370",
    "remote_addr": "138.122.109.194",
    "http_user_agent": "PC / Linux / Chrome 98.0.4758"
  }
},
{
  "model": "security.accessusers",
  "pk": 26,
  "fields": {
    "user": 1,
    "date_joined": "2022-06-20",
    "hour": "11:50:27.450",
    "remote_addr": "190.10.132.246",
    "http_user_agent": "PC / Windows 10 / Chrome 102.0.5005"
  }
},
{
  "model": "security.accessusers",
  "pk": 27,
  "fields": {
    "user": 1,
    "date_joined": "2022-06-23",
    "hour": "09:24:31.440",
    "remote_addr": "181.113.138.221",
    "http_user_agent": "PC / Windows 10 / Chrome 102.0.0"
  }
},
{
  "model": "security.accessusers",
  "pk": 28,
  "fields": {
    "user": 1,
    "date_joined": "2022-07-04",
    "hour": "11:39:59.105",
    "remote_addr": "181.39.5.150",
    "http_user_agent": "PC / Windows 10 / Edge 103.0.1264"
  }
},
{
  "model": "security.accessusers",
  "pk": 29,
  "fields": {
    "user": 1,
    "date_joined": "2022-07-18",
    "hour": "06:41:45.331",
    "remote_addr": "181.113.154.151",
    "http_user_agent": "PC / Windows 10 / Chrome 103.0.0"
  }
},
{
  "model": "security.accessusers",
  "pk": 30,
  "fields": {
    "user": 1,
    "date_joined": "2022-07-18",
    "hour": "08:08:51.390",
    "remote_addr": "200.85.80.99",
    "http_user_agent": "M2101K6G / Android 12 / Chrome Mobile 103.0.0"
  }
},
{
  "model": "security.accessusers",
  "pk": 31,
  "fields": {
    "user": 1,
    "date_joined": "2022-07-18",
    "hour": "09:08:14.675",
    "remote_addr": "191.99.52.202",
    "http_user_agent": "PC / Windows 10 / Firefox 102.0"
  }
},
{
  "model": "security.accessusers",
  "pk": 32,
  "fields": {
    "user": 1,
    "date_joined": "2022-07-18",
    "hour": "10:36:04.455",
    "remote_addr": "181.39.5.150",
    "http_user_agent": "PC / Windows 10 / Chrome 79.0.3945"
  }
},
{
  "model": "security.accessusers",
  "pk": 33,
  "fields": {
    "user": 1,
    "date_joined": "2022-07-19",
    "hour": "21:56:18.393",
    "remote_addr": "181.199.44.41",
    "http_user_agent": "PC / Windows 10 / Chrome 103.0.0"
  }
},
{
  "model": "security.accessusers",
  "pk": 34,
  "fields": {
    "user": 1,
    "date_joined": "2022-07-19",
    "hour": "22:08:44.426",
    "remote_addr": "181.199.44.41",
    "http_user_agent": "PC / Windows 10 / Chrome 103.0.0"
  }
},
{
  "model": "security.accessusers",
  "pk": 35,
  "fields": {
    "user": 1,
    "date_joined": "2022-07-20",
    "hour": "12:25:09.897",
    "remote_addr": "181.199.42.233",
    "http_user_agent": "PC / Windows 10 / Chrome 103.0.0"
  }
},
{
  "model": "security.accessusers",
  "pk": 36,
  "fields": {
    "user": 1,
    "date_joined": "2022-07-22",
    "hour": "18:05:58.280",
    "remote_addr": "181.113.138.236",
    "http_user_agent": "PC / Windows 10 / Chrome 103.0.0"
  }
},
{
  "model": "security.accessusers",
  "pk": 37,
  "fields": {
    "user": 1,
    "date_joined": "2022-07-22",
    "hour": "18:18:47.192",
    "remote_addr": "181.113.138.236",
    "http_user_agent": "PC / Windows 10 / Chrome 103.0.0"
  }
},
{
  "model": "security.accessusers",
  "pk": 38,
  "fields": {
    "user": 1,
    "date_joined": "2022-07-23",
    "hour": "06:43:22.698",
    "remote_addr": "138.122.109.234",
    "http_user_agent": "PC / Linux / Chrome 103.0.0"
  }
},
{
  "model": "security.accessusers",
  "pk": 39,
  "fields": {
    "user": 1,
    "date_joined": "2022-07-23",
    "hour": "18:07:15.179",
    "remote_addr": "181.113.138.236",
    "http_user_agent": "PC / Windows 10 / Chrome 103.0.0"
  }
},
{
  "model": "security.accessusers",
  "pk": 40,
  "fields": {
    "user": 1,
    "date_joined": "2022-07-24",
    "hour": "21:02:52.638",
    "remote_addr": "179.51.142.45",
    "http_user_agent": "PC / Windows 10 / Chrome 103.0.0"
  }
},
{
  "model": "security.accessusers",
  "pk": 41,
  "fields": {
    "user": 1,
    "date_joined": "2022-07-25",
    "hour": "06:18:28.247",
    "remote_addr": "181.113.147.194",
    "http_user_agent": "PC / Windows 10 / Chrome 103.0.0"
  }
},
{
  "model": "security.accessusers",
  "pk": 42,
  "fields": {
    "user": 1,
    "date_joined": "2022-07-25",
    "hour": "10:37:19.079",
    "remote_addr": "181.39.5.150",
    "http_user_agent": "PC / Windows 10 / Chrome 79.0.3945"
  }
},
{
  "model": "security.accessusers",
  "pk": 43,
  "fields": {
    "user": 1,
    "date_joined": "2022-08-01",
    "hour": "10:37:13.130",
    "remote_addr": "181.39.5.150",
    "http_user_agent": "PC / Windows 10 / Chrome 79.0.3945"
  }
},
{
  "model": "security.accessusers",
  "pk": 44,
  "fields": {
    "user": 1,
    "date_joined": "2022-08-01",
    "hour": "11:21:00.553",
    "remote_addr": "181.39.5.150",
    "http_user_agent": "PC / Windows 10 / Chrome 79.0.3945"
  }
},
{
  "model": "security.accessusers",
  "pk": 45,
  "fields": {
    "user": 1,
    "date_joined": "2022-08-02",
    "hour": "17:42:44.581",
    "remote_addr": "45.238.59.9",
    "http_user_agent": "Huawei Browser / Android 10 / Chrome 92.0.4515"
  }
},
{
  "model": "security.accessusers",
  "pk": 46,
  "fields": {
    "user": 1,
    "date_joined": "2022-08-03",
    "hour": "10:41:35.062",
    "remote_addr": "181.39.5.150",
    "http_user_agent": "PC / Windows 10 / Edge 103.0.1264"
  }
},
{
  "model": "security.accessusers",
  "pk": 47,
  "fields": {
    "user": 1,
    "date_joined": "2022-08-22",
    "hour": "21:46:24.763",
    "remote_addr": "181.113.152.189",
    "http_user_agent": "PC / Windows 10 / Chrome 103.0.0"
  }
},
{
  "model": "security.accessusers",
  "pk": 48,
  "fields": {
    "user": 1,
    "date_joined": "2022-08-23",
    "hour": "05:36:14.607",
    "remote_addr": "181.39.5.150",
    "http_user_agent": "PC / Windows 10 / Chrome 104.0.0"
  }
},
{
  "model": "security.accessusers",
  "pk": 49,
  "fields": {
    "user": 4,
    "date_joined": "2022-08-23",
    "hour": "05:40:10.801",
    "remote_addr": "181.39.5.150",
    "http_user_agent": "PC / Windows 10 / Chrome 104.0.0"
  }
},
{
  "model": "security.accessusers",
  "pk": 50,
  "fields": {
    "user": 4,
    "date_joined": "2022-08-23",
    "hour": "05:41:44.479",
    "remote_addr": "181.39.5.150",
    "http_user_agent": "PC / Windows 10 / Chrome 104.0.0"
  }
},
{
  "model": "security.accessusers",
  "pk": 51,
  "fields": {
    "user": 4,
    "date_joined": "2022-08-23",
    "hour": "06:23:23.794",
    "remote_addr": "181.39.5.150",
    "http_user_agent": "PC / Windows 10 / Chrome 104.0.0"
  }
},
{
  "model": "security.accessusers",
  "pk": 52,
  "fields": {
    "user": 1,
    "date_joined": "2022-08-23",
    "hour": "06:29:26.839",
    "remote_addr": "181.39.5.150",
    "http_user_agent": "PC / Windows 10 / Chrome 104.0.0"
  }
},
{
  "model": "security.accessusers",
  "pk": 53,
  "fields": {
    "user": 1,
    "date_joined": "2022-09-01",
    "hour": "21:29:15.717",
    "remote_addr": "181.113.157.90",
    "http_user_agent": "PC / Windows 10 / Chrome 104.0.0"
  }
},
{
  "model": "security.accessusers",
  "pk": 54,
  "fields": {
    "user": 1,
    "date_joined": "2022-09-01",
    "hour": "21:30:13.563",
    "remote_addr": "191.99.24.202",
    "http_user_agent": "PC / Linux / Chrome 104.0.0"
  }
},
{
  "model": "security.accessusers",
  "pk": 55,
  "fields": {
    "user": 5,
    "date_joined": "2022-09-01",
    "hour": "21:31:29.397",
    "remote_addr": "181.113.157.90",
    "http_user_agent": "PC / Windows 10 / Chrome 104.0.0"
  }
},
{
  "model": "security.accessusers",
  "pk": 56,
  "fields": {
    "user": 5,
    "date_joined": "2022-09-01",
    "hour": "21:35:52.894",
    "remote_addr": "181.113.157.90",
    "http_user_agent": "PC / Windows 10 / Chrome 104.0.0"
  }
},
{
  "model": "security.accessusers",
  "pk": 57,
  "fields": {
    "user": 1,
    "date_joined": "2022-09-09",
    "hour": "04:57:37.992",
    "remote_addr": "190.154.171.187",
    "http_user_agent": "PC / Windows 10 / Chrome 104.0.5112"
  }
},
{
  "model": "user.user",
  "pk": 1,
  "fields": {
    "password": "pbkdf2_sha256$320000$LqmMkCaGDWirluLBN8aGez$ON1Pu/3C/C2gpnVv77j310TGnobMGeOABAeyoYJmudA=",
    "last_login": "2022-09-09T11:57:37.988Z",
    "is_superuser": true,
    "names": "SOCIO EXPRESS",
    "username": "admin",
    "dni": "1203624505",
    "image": "",
    "email": "socioexpress@gmail.com",
    "is_active": true,
    "is_staff": true,
    "date_joined": "2022-06-02T23:11:41.271Z",
    "is_change_password": true,
    "email_reset_token": "f760eada-29a4-4358-95a1-99e3d568c746",
    "groups": [
      1
    ],
    "user_permissions": []
  }
},
{
  "model": "user.user",
  "pk": 2,
  "fields": {
    "password": "pbkdf2_sha256$320000$4HE2FkBjc5mAyLnLlgUDAy$hst5QNGPDUTps1X0PkNIjmq+JAJOrHxexgkwY8F2xgc=",
    "last_login": null,
    "is_superuser": false,
    "names": "LUIS GALARZA",
    "username": "luisgalarza",
    "dni": "0929246429",
    "image": "",
    "email": "luis_elchino@hotmail.es",
    "is_active": true,
    "is_staff": false,
    "date_joined": "2022-06-13T18:37:09.948Z",
    "is_change_password": false,
    "email_reset_token": null,
    "groups": [
      2
    ],
    "user_permissions": []
  }
},
{
  "model": "user.user",
  "pk": 3,
  "fields": {
    "password": "pbkdf2_sha256$320000$NRhB0mVqaersZfDts1uC89$rFnQ2gxC2WQ8oNLapNNTh1yygZhu9wMrZIy2nmgrbWc=",
    "last_login": null,
    "is_superuser": false,
    "names": "Nuvia Beltrán Robayo",
    "username": "nbeltran",
    "dni": "0925818577",
    "image": "users/2022/06/14/PROBLEMA_1_DOMINIO_DE_COLISION.png",
    "email": "nbeltran@uagraria.edu.ec",
    "is_active": true,
    "is_staff": false,
    "date_joined": "2022-06-14T19:25:37.377Z",
    "is_change_password": false,
    "email_reset_token": null,
    "groups": [
      1
    ],
    "user_permissions": []
  }
},
{
  "model": "user.user",
  "pk": 4,
  "fields": {
    "password": "pbkdf2_sha256$320000$q236EbQfDSJUYs9v5IKc2y$8gFVHUiqFlFR0OOH5HTgCWOvRR8FksReSLbGIOBKh08=",
    "last_login": "2022-08-23T13:23:23.790Z",
    "is_superuser": false,
    "names": "MARIO IBARRA",
    "username": "maibarra",
    "dni": "0921324935",
    "image": "",
    "email": "mibarra@uagraria.edu.ec",
    "is_active": true,
    "is_staff": false,
    "date_joined": "2022-08-23T12:39:35.331Z",
    "is_change_password": false,
    "email_reset_token": null,
    "groups": [
      1
    ],
    "user_permissions": []
  }
},
{
  "model": "user.user",
  "pk": 5,
  "fields": {
    "password": "pbkdf2_sha256$320000$H7bNtj72FLmS9bIMWKqdAh$EfECKSkU2/BvNkPzKhbYiiw1VrqhO9e8OcjUpvhTyCE=",
    "last_login": "2022-09-02T04:35:52.891Z",
    "is_superuser": false,
    "names": "Luis Yaguar",
    "username": "lyaguar",
    "dni": "1203006752",
    "image": "",
    "email": "luis_el_chino97@hotmail.com",
    "is_active": true,
    "is_staff": false,
    "date_joined": "2022-09-02T04:30:26.140Z",
    "is_change_password": false,
    "email_reset_token": null,
    "groups": [
      1
    ],
    "user_permissions": []
  }
},
{
  "model": "erp.company",
  "pk": 1,
  "fields": {
    "name": "Socio Express",
    "ruc": "0955503529001",
    "address": "Calle Sucre y Comercio junto al Club Olimpia",
    "mobile": "8876768733",
    "phone": "3217575",
    "email": "socioexpress_2219@hotmail.com",
    "website": "https://socio.express/",
    "description": "Somos una empresa que provee soluciones logísticas y de transporte. Administramos, diseñamos e implementamos su centro de correspondencia; realizamos toda clase de mensajería expresa y suministramos mensajeros motorizados en misión para el transporte de documentos y realización de diligencias en general.",
    "mission": "Brindar al sector privado, estatal y empresarial apoyo logístico a través de procesos efectivos y calificados de mensajería expresa, mensajeros motorizados, administración, alistamiento, entrega y manejo oportuno de correspondencia; con un equipo altamente calificado, experimentado y comprometido en busca de la excelencia.",
    "vision": "Consolidarnos en el mercado como una empresa líder a nivel nacional, por su calidad y cumplimiento en los procesos de mensajería expresa, asignación de mensajeros motorizados y soluciones logísticas.",
    "about_us": "Contamos con una infraestructura óptima para el recibo y entrega de la carga en nuestras bodegas, zonas de almacenamiento y básculas digitales entre otros, esto con el fin de garantizar un manejo ágil, seguro y adecuado en el transporte de la mercancía dentro y fuera de Ecuador.",
    "image": "company/2022/06/04/62595_boxes_deutche_post_goods_palet_products_icon.png",
    "activate_tax": true,
    "iva": "12.00"
  }
},
{
  "model": "erp.size",
  "pk": 1,
  "fields": {
    "name": "GRANDE"
  }
},
{
  "model": "erp.size",
  "pk": 2,
  "fields": {
    "name": "MEDIANO"
  }
},
{
  "model": "erp.size",
  "pk": 3,
  "fields": {
    "name": "PEQUEÑO"
  }
},
{
  "model": "erp.size",
  "pk": 4,
  "fields": {
    "name": "EXTRAGRANDE"
  }
},
{
  "model": "erp.city",
  "pk": 1,
  "fields": {
    "name": "AZUAY"
  }
},
{
  "model": "erp.city",
  "pk": 2,
  "fields": {
    "name": "CUENCA"
  }
},
{
  "model": "erp.city",
  "pk": 3,
  "fields": {
    "name": "GUALACEO"
  }
},
{
  "model": "erp.city",
  "pk": 4,
  "fields": {
    "name": "PAUTE"
  }
},
{
  "model": "erp.city",
  "pk": 5,
  "fields": {
    "name": "SIGSIG"
  }
},
{
  "model": "erp.city",
  "pk": 6,
  "fields": {
    "name": "GIRÓN"
  }
},
{
  "model": "erp.city",
  "pk": 7,
  "fields": {
    "name": "SAN FERNANDO"
  }
},
{
  "model": "erp.city",
  "pk": 8,
  "fields": {
    "name": "SANTA ISABEL"
  }
},
{
  "model": "erp.city",
  "pk": 9,
  "fields": {
    "name": "PUCARÁ"
  }
},
{
  "model": "erp.city",
  "pk": 10,
  "fields": {
    "name": "NABÓN"
  }
},
{
  "model": "erp.city",
  "pk": 11,
  "fields": {
    "name": "GALÁPAGOS"
  }
},
{
  "model": "erp.city",
  "pk": 12,
  "fields": {
    "name": "ISABELA"
  }
},
{
  "model": "erp.city",
  "pk": 13,
  "fields": {
    "name": "SANTA CRUZ"
  }
},
{
  "model": "erp.city",
  "pk": 14,
  "fields": {
    "name": "PUERTO BAQUERIZO MORENO"
  }
},
{
  "model": "erp.city",
  "pk": 15,
  "fields": {
    "name": "PUERTO AYORA"
  }
},
{
  "model": "erp.city",
  "pk": 16,
  "fields": {
    "name": "CAÑAR"
  }
},
{
  "model": "erp.city",
  "pk": 17,
  "fields": {
    "name": "BIBLIÁN"
  }
},
{
  "model": "erp.city",
  "pk": 18,
  "fields": {
    "name": "AZOGUE"
  }
},
{
  "model": "erp.city",
  "pk": 19,
  "fields": {
    "name": "LA TRONCAL"
  }
},
{
  "model": "erp.city",
  "pk": 20,
  "fields": {
    "name": "BOLIVAR"
  }
},
{
  "model": "erp.city",
  "pk": 21,
  "fields": {
    "name": "GUARANDA"
  }
},
{
  "model": "erp.city",
  "pk": 22,
  "fields": {
    "name": "SAN MIGUEL DE BOLÍVAR"
  }
},
{
  "model": "erp.city",
  "pk": 23,
  "fields": {
    "name": "CALUMA"
  }
},
{
  "model": "erp.city",
  "pk": 24,
  "fields": {
    "name": "CHILLANES"
  }
},
{
  "model": "erp.city",
  "pk": 25,
  "fields": {
    "name": "ECHEANDÍA"
  }
},
{
  "model": "erp.city",
  "pk": 26,
  "fields": {
    "name": "CHIMBO"
  }
},
{
  "model": "erp.city",
  "pk": 27,
  "fields": {
    "name": "LA ASUNCIÓN"
  }
},
{
  "model": "erp.city",
  "pk": 28,
  "fields": {
    "name": "LA MAGDALENA"
  }
},
{
  "model": "erp.city",
  "pk": 29,
  "fields": {
    "name": "CARCHI"
  }
},
{
  "model": "erp.city",
  "pk": 30,
  "fields": {
    "name": "MIRA"
  }
},
{
  "model": "erp.city",
  "pk": 31,
  "fields": {
    "name": "BOLÍVAR"
  }
},
{
  "model": "erp.city",
  "pk": 32,
  "fields": {
    "name": "TULCÁN"
  }
},
{
  "model": "erp.city",
  "pk": 33,
  "fields": {
    "name": "EL ANGEL"
  }
},
{
  "model": "erp.city",
  "pk": 34,
  "fields": {
    "name": "HUACA"
  }
},
{
  "model": "erp.city",
  "pk": 35,
  "fields": {
    "name": "JULIO ANDRADE"
  }
},
{
  "model": "erp.city",
  "pk": 36,
  "fields": {
    "name": "LA PAZ"
  }
},
{
  "model": "erp.city",
  "pk": 37,
  "fields": {
    "name": "SAN GABRIEL"
  }
},
{
  "model": "erp.city",
  "pk": 38,
  "fields": {
    "name": "CHIMBORAZO"
  }
},
{
  "model": "erp.city",
  "pk": 39,
  "fields": {
    "name": "RIOBAMBA"
  }
},
{
  "model": "erp.city",
  "pk": 40,
  "fields": {
    "name": "GUANO"
  }
},
{
  "model": "erp.city",
  "pk": 41,
  "fields": {
    "name": "CHAMBO"
  }
},
{
  "model": "erp.city",
  "pk": 42,
  "fields": {
    "name": "COLTA"
  }
},
{
  "model": "erp.city",
  "pk": 43,
  "fields": {
    "name": "PENIPE"
  }
},
{
  "model": "erp.city",
  "pk": 44,
  "fields": {
    "name": "GUAMOTE"
  }
},
{
  "model": "erp.city",
  "pk": 45,
  "fields": {
    "name": "PALLATANGA"
  }
},
{
  "model": "erp.city",
  "pk": 46,
  "fields": {
    "name": "ALAUSÍ"
  }
},
{
  "model": "erp.city",
  "pk": 47,
  "fields": {
    "name": "CHUNCHI"
  }
},
{
  "model": "erp.city",
  "pk": 48,
  "fields": {
    "name": "CUMANDÁ"
  }
},
{
  "model": "erp.city",
  "pk": 49,
  "fields": {
    "name": "CAJABAMBA"
  }
},
{
  "model": "erp.city",
  "pk": 50,
  "fields": {
    "name": "HUIGRA"
  }
},
{
  "model": "erp.city",
  "pk": 51,
  "fields": {
    "name": "SAN ANDRÉS"
  }
},
{
  "model": "erp.city",
  "pk": 52,
  "fields": {
    "name": "SAN JUAN"
  }
},
{
  "model": "erp.city",
  "pk": 53,
  "fields": {
    "name": "COTOPAXI"
  }
},
{
  "model": "erp.city",
  "pk": 54,
  "fields": {
    "name": "SAQUISILÍ"
  }
},
{
  "model": "erp.city",
  "pk": 55,
  "fields": {
    "name": "LATACUNGA"
  }
},
{
  "model": "erp.city",
  "pk": 56,
  "fields": {
    "name": "PUJILÍ"
  }
},
{
  "model": "erp.city",
  "pk": 57,
  "fields": {
    "name": "SALCEDO"
  }
},
{
  "model": "erp.city",
  "pk": 58,
  "fields": {
    "name": "SIGCHOS"
  }
},
{
  "model": "erp.city",
  "pk": 59,
  "fields": {
    "name": "LA MANÁ"
  }
},
{
  "model": "erp.city",
  "pk": 60,
  "fields": {
    "name": "CHANTILLIN"
  }
},
{
  "model": "erp.city",
  "pk": 61,
  "fields": {
    "name": "EL CORAZÓN"
  }
},
{
  "model": "erp.city",
  "pk": 62,
  "fields": {
    "name": "GUAYTACAMA"
  }
},
{
  "model": "erp.city",
  "pk": 63,
  "fields": {
    "name": "LASSO"
  }
},
{
  "model": "erp.city",
  "pk": 64,
  "fields": {
    "name": "PASTOCALLE"
  }
},
{
  "model": "erp.city",
  "pk": 65,
  "fields": {
    "name": "POALO"
  }
},
{
  "model": "erp.city",
  "pk": 66,
  "fields": {
    "name": "TANICUCHI"
  }
},
{
  "model": "erp.city",
  "pk": 67,
  "fields": {
    "name": "TOACASO"
  }
},
{
  "model": "erp.city",
  "pk": 68,
  "fields": {
    "name": "MULALO"
  }
},
{
  "model": "erp.city",
  "pk": 69,
  "fields": {
    "name": "EL ORO"
  }
},
{
  "model": "erp.city",
  "pk": 70,
  "fields": {
    "name": "EL GUABO"
  }
},
{
  "model": "erp.city",
  "pk": 71,
  "fields": {
    "name": "HUAQUILLAS"
  }
},
{
  "model": "erp.city",
  "pk": 72,
  "fields": {
    "name": "MACHALA"
  }
},
{
  "model": "erp.city",
  "pk": 73,
  "fields": {
    "name": "PASAJE"
  }
},
{
  "model": "erp.city",
  "pk": 74,
  "fields": {
    "name": "PIÑAS"
  }
},
{
  "model": "erp.city",
  "pk": 75,
  "fields": {
    "name": "PUERTO BOLIVAR"
  }
},
{
  "model": "erp.city",
  "pk": 76,
  "fields": {
    "name": "SANTA ROSA"
  }
},
{
  "model": "erp.city",
  "pk": 77,
  "fields": {
    "name": "ZARUMA"
  }
},
{
  "model": "erp.city",
  "pk": 78,
  "fields": {
    "name": "PORTOVELO"
  }
},
{
  "model": "erp.city",
  "pk": 79,
  "fields": {
    "name": "ARENILLAS"
  }
},
{
  "model": "erp.city",
  "pk": 80,
  "fields": {
    "name": "ATAHUALPA"
  }
},
{
  "model": "erp.city",
  "pk": 81,
  "fields": {
    "name": "BALSAS"
  }
},
{
  "model": "erp.city",
  "pk": 82,
  "fields": {
    "name": "CHILLA"
  }
},
{
  "model": "erp.city",
  "pk": 83,
  "fields": {
    "name": "MARCABELI"
  }
},
{
  "model": "erp.city",
  "pk": 84,
  "fields": {
    "name": "ESMERALDAS"
  }
},
{
  "model": "erp.city",
  "pk": 85,
  "fields": {
    "name": "GUAYAQUIL"
  }
},
{
  "model": "erp.city",
  "pk": 86,
  "fields": {
    "name": "DAULE"
  }
},
{
  "model": "erp.city",
  "pk": 87,
  "fields": {
    "name": "DURAN"
  }
},
{
  "model": "erp.city",
  "pk": 88,
  "fields": {
    "name": "EL EMPALME"
  }
},
{
  "model": "erp.city",
  "pk": 89,
  "fields": {
    "name": "SANTA ELENA"
  }
},
{
  "model": "erp.city",
  "pk": 90,
  "fields": {
    "name": "LA LIBERTAD"
  }
},
{
  "model": "erp.city",
  "pk": 91,
  "fields": {
    "name": "SALINAS"
  }
},
{
  "model": "erp.city",
  "pk": 92,
  "fields": {
    "name": "LOJA"
  }
},
{
  "model": "erp.city",
  "pk": 93,
  "fields": {
    "name": "MACARA"
  }
},
{
  "model": "erp.city",
  "pk": 94,
  "fields": {
    "name": "CATAMAYO"
  }
},
{
  "model": "erp.city",
  "pk": 95,
  "fields": {
    "name": "CARIAMANGA"
  }
},
{
  "model": "erp.city",
  "pk": 96,
  "fields": {
    "name": "CELICA"
  }
},
{
  "model": "erp.city",
  "pk": 97,
  "fields": {
    "name": "MACAS"
  }
},
{
  "model": "erp.city",
  "pk": 98,
  "fields": {
    "name": "GUALAQUIZA"
  }
},
{
  "model": "erp.city",
  "pk": 99,
  "fields": {
    "name": "LIMON INDANZA"
  }
},
{
  "model": "erp.city",
  "pk": 100,
  "fields": {
    "name": "SANTIAGO"
  }
},
{
  "model": "erp.city",
  "pk": 101,
  "fields": {
    "name": "SUCUA"
  }
},
{
  "model": "erp.city",
  "pk": 102,
  "fields": {
    "name": "IMBABURA"
  }
},
{
  "model": "erp.city",
  "pk": 103,
  "fields": {
    "name": "IBARRA"
  }
},
{
  "model": "erp.city",
  "pk": 104,
  "fields": {
    "name": "AMBUQUI"
  }
},
{
  "model": "erp.city",
  "pk": 105,
  "fields": {
    "name": "ATUNTAQUI"
  }
},
{
  "model": "erp.city",
  "pk": 106,
  "fields": {
    "name": "COTACACHI"
  }
},
{
  "model": "erp.city",
  "pk": 107,
  "fields": {
    "name": "OTAVALO"
  }
},
{
  "model": "erp.city",
  "pk": 108,
  "fields": {
    "name": "LOS RIOS"
  }
},
{
  "model": "erp.city",
  "pk": 109,
  "fields": {
    "name": "BABAHOYO"
  }
},
{
  "model": "erp.city",
  "pk": 110,
  "fields": {
    "name": "BUENA FE"
  }
},
{
  "model": "erp.city",
  "pk": 111,
  "fields": {
    "name": "PUEBLOVIEJO"
  }
},
{
  "model": "erp.city",
  "pk": 112,
  "fields": {
    "name": "QUEVEDO"
  }
},
{
  "model": "erp.city",
  "pk": 113,
  "fields": {
    "name": "VENTANAS"
  }
},
{
  "model": "erp.city",
  "pk": 114,
  "fields": {
    "name": "PORTOVIEJO"
  }
},
{
  "model": "erp.city",
  "pk": 115,
  "fields": {
    "name": "BAHIA DE CARAQUEZ"
  }
},
{
  "model": "erp.city",
  "pk": 116,
  "fields": {
    "name": "CHONE"
  }
},
{
  "model": "erp.city",
  "pk": 117,
  "fields": {
    "name": "EL CARMEN"
  }
},
{
  "model": "erp.city",
  "pk": 118,
  "fields": {
    "name": "JIPIJAPA"
  }
},
{
  "model": "erp.city",
  "pk": 119,
  "fields": {
    "name": "TENA"
  }
},
{
  "model": "erp.city",
  "pk": 120,
  "fields": {
    "name": "ARCHIDONA"
  }
},
{
  "model": "erp.city",
  "pk": 121,
  "fields": {
    "name": "BAEZA"
  }
},
{
  "model": "erp.city",
  "pk": 122,
  "fields": {
    "name": "EL CHACO"
  }
},
{
  "model": "erp.city",
  "pk": 123,
  "fields": {
    "name": "CARLOS JULIO AROSEMENA TOLA"
  }
},
{
  "model": "erp.city",
  "pk": 124,
  "fields": {
    "name": "ORELLANA"
  }
},
{
  "model": "erp.city",
  "pk": 125,
  "fields": {
    "name": "FRANCISCO DE ORELLANA"
  }
},
{
  "model": "erp.city",
  "pk": 126,
  "fields": {
    "name": "LA JOYA DE LOS SACHAS"
  }
},
{
  "model": "erp.city",
  "pk": 127,
  "fields": {
    "name": "LORETO"
  }
},
{
  "model": "erp.city",
  "pk": 128,
  "fields": {
    "name": "NUEVO ROCAFUERTE"
  }
},
{
  "model": "erp.city",
  "pk": 129,
  "fields": {
    "name": "PASTAZA"
  }
},
{
  "model": "erp.city",
  "pk": 130,
  "fields": {
    "name": "PUYO"
  }
},
{
  "model": "erp.city",
  "pk": 131,
  "fields": {
    "name": "MERA"
  }
},
{
  "model": "erp.city",
  "pk": 132,
  "fields": {
    "name": "PALORA"
  }
},
{
  "model": "erp.city",
  "pk": 133,
  "fields": {
    "name": "SHELL"
  }
},
{
  "model": "erp.city",
  "pk": 134,
  "fields": {
    "name": "ARAJUNO"
  }
},
{
  "model": "erp.city",
  "pk": 135,
  "fields": {
    "name": "SANTO DOMINGO"
  }
},
{
  "model": "erp.city",
  "pk": 136,
  "fields": {
    "name": "ALLURIQUIN"
  }
},
{
  "model": "erp.city",
  "pk": 137,
  "fields": {
    "name": "LUZ DE AMÉRICA"
  }
},
{
  "model": "erp.city",
  "pk": 138,
  "fields": {
    "name": "VALLE HERMOSO"
  }
},
{
  "model": "erp.city",
  "pk": 139,
  "fields": {
    "name": "QUITO"
  }
},
{
  "model": "erp.city",
  "pk": 140,
  "fields": {
    "name": "CAYAMBE"
  }
},
{
  "model": "erp.city",
  "pk": 141,
  "fields": {
    "name": "CONOCOTO"
  }
},
{
  "model": "erp.city",
  "pk": 142,
  "fields": {
    "name": "CUMBAYA"
  }
},
{
  "model": "erp.city",
  "pk": 143,
  "fields": {
    "name": "MACHACHI"
  }
},
{
  "model": "erp.city",
  "pk": 144,
  "fields": {
    "name": "NUEVA LOJA"
  }
},
{
  "model": "erp.city",
  "pk": 145,
  "fields": {
    "name": "GONZALO PIZARRO"
  }
},
{
  "model": "erp.city",
  "pk": 146,
  "fields": {
    "name": "PUTUMAYO"
  }
},
{
  "model": "erp.city",
  "pk": 147,
  "fields": {
    "name": "SHUSHUFINDI"
  }
},
{
  "model": "erp.city",
  "pk": 148,
  "fields": {
    "name": "SUCUMBIOS"
  }
},
{
  "model": "erp.city",
  "pk": 149,
  "fields": {
    "name": "AMBATO"
  }
},
{
  "model": "erp.city",
  "pk": 150,
  "fields": {
    "name": "BAÑOS"
  }
},
{
  "model": "erp.city",
  "pk": 151,
  "fields": {
    "name": "CEVALLOS"
  }
},
{
  "model": "erp.city",
  "pk": 152,
  "fields": {
    "name": "IZAMBA"
  }
},
{
  "model": "erp.city",
  "pk": 153,
  "fields": {
    "name": "MOCHA"
  }
},
{
  "model": "erp.city",
  "pk": 154,
  "fields": {
    "name": "ZAMORA"
  }
},
{
  "model": "erp.city",
  "pk": 155,
  "fields": {
    "name": "CHINCHIPE"
  }
},
{
  "model": "erp.city",
  "pk": 156,
  "fields": {
    "name": "NANGARITZA"
  }
},
{
  "model": "erp.city",
  "pk": 157,
  "fields": {
    "name": "YACUAMBI"
  }
},
{
  "model": "erp.city",
  "pk": 158,
  "fields": {
    "name": "YANTZAZA"
  }
},
{
  "model": "erp.city",
  "pk": 159,
  "fields": {
    "name": "MILAGRO"
  }
},
{
  "model": "erp.tariff",
  "pk": 1,
  "fields": {
    "city": 158,
    "minimum_weight": "1.00",
    "maximum_weight": "3.00",
    "price": "2.00"
  }
},
{
  "model": "erp.tariff",
  "pk": 2,
  "fields": {
    "city": 158,
    "minimum_weight": "4.00",
    "maximum_weight": "7.00",
    "price": "6.00"
  }
},
{
  "model": "erp.tariff",
  "pk": 3,
  "fields": {
    "city": 158,
    "minimum_weight": "8.00",
    "maximum_weight": "11.00",
    "price": "8.00"
  }
},
{
  "model": "erp.tariff",
  "pk": 4,
  "fields": {
    "city": 157,
    "minimum_weight": "1.00",
    "maximum_weight": "3.00",
    "price": "3.00"
  }
},
{
  "model": "erp.tariff",
  "pk": 5,
  "fields": {
    "city": 157,
    "minimum_weight": "4.00",
    "maximum_weight": "7.00",
    "price": "6.00"
  }
},
{
  "model": "erp.tariff",
  "pk": 6,
  "fields": {
    "city": 157,
    "minimum_weight": "8.00",
    "maximum_weight": "11.00",
    "price": "11.00"
  }
},
{
  "model": "erp.tariff",
  "pk": 7,
  "fields": {
    "city": 156,
    "minimum_weight": "1.00",
    "maximum_weight": "3.00",
    "price": "2.00"
  }
},
{
  "model": "erp.tariff",
  "pk": 8,
  "fields": {
    "city": 156,
    "minimum_weight": "4.00",
    "maximum_weight": "7.00",
    "price": "4.00"
  }
},
{
  "model": "erp.tariff",
  "pk": 9,
  "fields": {
    "city": 156,
    "minimum_weight": "8.00",
    "maximum_weight": "11.00",
    "price": "8.00"
  }
},
{
  "model": "erp.tariff",
  "pk": 10,
  "fields": {
    "city": 155,
    "minimum_weight": "1.00",
    "maximum_weight": "3.00",
    "price": "1.00"
  }
},
{
  "model": "erp.tariff",
  "pk": 11,
  "fields": {
    "city": 155,
    "minimum_weight": "4.00",
    "maximum_weight": "7.00",
    "price": "4.00"
  }
},
{
  "model": "erp.tariff",
  "pk": 12,
  "fields": {
    "city": 155,
    "minimum_weight": "8.00",
    "maximum_weight": "11.00",
    "price": "9.00"
  }
},
{
  "model": "erp.tariff",
  "pk": 13,
  "fields": {
    "city": 154,
    "minimum_weight": "1.00",
    "maximum_weight": "3.00",
    "price": "1.00"
  }
},
{
  "model": "erp.tariff",
  "pk": 14,
  "fields": {
    "city": 154,
    "minimum_weight": "4.00",
    "maximum_weight": "7.00",
    "price": "7.00"
  }
},
{
  "model": "erp.tariff",
  "pk": 15,
  "fields": {
    "city": 154,
    "minimum_weight": "8.00",
    "maximum_weight": "11.00",
    "price": "10.00"
  }
},
{
  "model": "erp.tariff",
  "pk": 16,
  "fields": {
    "city": 153,
    "minimum_weight": "1.00",
    "maximum_weight": "3.00",
    "price": "2.00"
  }
},
{
  "model": "erp.tariff",
  "pk": 17,
  "fields": {
    "city": 153,
    "minimum_weight": "4.00",
    "maximum_weight": "7.00",
    "price": "6.00"
  }
},
{
  "model": "erp.tariff",
  "pk": 18,
  "fields": {
    "city": 153,
    "minimum_weight": "8.00",
    "maximum_weight": "11.00",
    "price": "11.00"
  }
},
{
  "model": "erp.tariff",
  "pk": 19,
  "fields": {
    "city": 152,
    "minimum_weight": "1.00",
    "maximum_weight": "3.00",
    "price": "1.00"
  }
},
{
  "model": "erp.tariff",
  "pk": 20,
  "fields": {
    "city": 152,
    "minimum_weight": "4.00",
    "maximum_weight": "7.00",
    "price": "6.00"
  }
},
{
  "model": "erp.tariff",
  "pk": 21,
  "fields": {
    "city": 152,
    "minimum_weight": "8.00",
    "maximum_weight": "11.00",
    "price": "10.00"
  }
},
{
  "model": "erp.tariff",
  "pk": 22,
  "fields": {
    "city": 151,
    "minimum_weight": "1.00",
    "maximum_weight": "3.00",
    "price": "1.00"
  }
},
{
  "model": "erp.tariff",
  "pk": 23,
  "fields": {
    "city": 151,
    "minimum_weight": "4.00",
    "maximum_weight": "7.00",
    "price": "5.00"
  }
},
{
  "model": "erp.tariff",
  "pk": 24,
  "fields": {
    "city": 151,
    "minimum_weight": "8.00",
    "maximum_weight": "11.00",
    "price": "9.00"
  }
},
{
  "model": "erp.tariff",
  "pk": 25,
  "fields": {
    "city": 150,
    "minimum_weight": "1.00",
    "maximum_weight": "3.00",
    "price": "2.00"
  }
},
{
  "model": "erp.tariff",
  "pk": 26,
  "fields": {
    "city": 150,
    "minimum_weight": "4.00",
    "maximum_weight": "7.00",
    "price": "4.00"
  }
},
{
  "model": "erp.tariff",
  "pk": 27,
  "fields": {
    "city": 150,
    "minimum_weight": "8.00",
    "maximum_weight": "11.00",
    "price": "9.00"
  }
},
{
  "model": "erp.tariff",
  "pk": 28,
  "fields": {
    "city": 149,
    "minimum_weight": "1.00",
    "maximum_weight": "3.00",
    "price": "2.00"
  }
},
{
  "model": "erp.tariff",
  "pk": 29,
  "fields": {
    "city": 149,
    "minimum_weight": "4.00",
    "maximum_weight": "7.00",
    "price": "4.00"
  }
},
{
  "model": "erp.tariff",
  "pk": 30,
  "fields": {
    "city": 149,
    "minimum_weight": "8.00",
    "maximum_weight": "11.00",
    "price": "10.00"
  }
},
{
  "model": "erp.tariff",
  "pk": 31,
  "fields": {
    "city": 148,
    "minimum_weight": "1.00",
    "maximum_weight": "3.00",
    "price": "2.00"
  }
},
{
  "model": "erp.tariff",
  "pk": 32,
  "fields": {
    "city": 148,
    "minimum_weight": "4.00",
    "maximum_weight": "7.00",
    "price": "7.00"
  }
},
{
  "model": "erp.tariff",
  "pk": 33,
  "fields": {
    "city": 148,
    "minimum_weight": "8.00",
    "maximum_weight": "11.00",
    "price": "8.00"
  }
},
{
  "model": "erp.tariff",
  "pk": 34,
  "fields": {
    "city": 147,
    "minimum_weight": "1.00",
    "maximum_weight": "3.00",
    "price": "3.00"
  }
},
{
  "model": "erp.tariff",
  "pk": 35,
  "fields": {
    "city": 147,
    "minimum_weight": "4.00",
    "maximum_weight": "7.00",
    "price": "5.00"
  }
},
{
  "model": "erp.tariff",
  "pk": 36,
  "fields": {
    "city": 147,
    "minimum_weight": "8.00",
    "maximum_weight": "11.00",
    "price": "8.00"
  }
},
{
  "model": "erp.tariff",
  "pk": 37,
  "fields": {
    "city": 146,
    "minimum_weight": "1.00",
    "maximum_weight": "3.00",
    "price": "1.00"
  }
},
{
  "model": "erp.tariff",
  "pk": 38,
  "fields": {
    "city": 146,
    "minimum_weight": "4.00",
    "maximum_weight": "7.00",
    "price": "5.00"
  }
},
{
  "model": "erp.tariff",
  "pk": 39,
  "fields": {
    "city": 146,
    "minimum_weight": "8.00",
    "maximum_weight": "11.00",
    "price": "8.00"
  }
},
{
  "model": "erp.tariff",
  "pk": 40,
  "fields": {
    "city": 145,
    "minimum_weight": "1.00",
    "maximum_weight": "3.00",
    "price": "3.00"
  }
},
{
  "model": "erp.tariff",
  "pk": 41,
  "fields": {
    "city": 145,
    "minimum_weight": "4.00",
    "maximum_weight": "7.00",
    "price": "7.00"
  }
},
{
  "model": "erp.tariff",
  "pk": 42,
  "fields": {
    "city": 145,
    "minimum_weight": "8.00",
    "maximum_weight": "11.00",
    "price": "11.00"
  }
},
{
  "model": "erp.tariff",
  "pk": 43,
  "fields": {
    "city": 144,
    "minimum_weight": "1.00",
    "maximum_weight": "3.00",
    "price": "3.00"
  }
},
{
  "model": "erp.tariff",
  "pk": 44,
  "fields": {
    "city": 144,
    "minimum_weight": "4.00",
    "maximum_weight": "7.00",
    "price": "4.00"
  }
},
{
  "model": "erp.tariff",
  "pk": 45,
  "fields": {
    "city": 144,
    "minimum_weight": "8.00",
    "maximum_weight": "11.00",
    "price": "11.00"
  }
},
{
  "model": "erp.tariff",
  "pk": 46,
  "fields": {
    "city": 143,
    "minimum_weight": "1.00",
    "maximum_weight": "3.00",
    "price": "2.00"
  }
},
{
  "model": "erp.tariff",
  "pk": 47,
  "fields": {
    "city": 143,
    "minimum_weight": "4.00",
    "maximum_weight": "7.00",
    "price": "6.00"
  }
},
{
  "model": "erp.tariff",
  "pk": 48,
  "fields": {
    "city": 143,
    "minimum_weight": "8.00",
    "maximum_weight": "11.00",
    "price": "8.00"
  }
},
{
  "model": "erp.tariff",
  "pk": 49,
  "fields": {
    "city": 142,
    "minimum_weight": "1.00",
    "maximum_weight": "3.00",
    "price": "1.00"
  }
},
{
  "model": "erp.tariff",
  "pk": 50,
  "fields": {
    "city": 142,
    "minimum_weight": "4.00",
    "maximum_weight": "7.00",
    "price": "7.00"
  }
},
{
  "model": "erp.tariff",
  "pk": 51,
  "fields": {
    "city": 142,
    "minimum_weight": "8.00",
    "maximum_weight": "11.00",
    "price": "10.00"
  }
},
{
  "model": "erp.tariff",
  "pk": 52,
  "fields": {
    "city": 141,
    "minimum_weight": "1.00",
    "maximum_weight": "3.00",
    "price": "3.00"
  }
},
{
  "model": "erp.tariff",
  "pk": 53,
  "fields": {
    "city": 141,
    "minimum_weight": "4.00",
    "maximum_weight": "7.00",
    "price": "5.00"
  }
},
{
  "model": "erp.tariff",
  "pk": 54,
  "fields": {
    "city": 141,
    "minimum_weight": "8.00",
    "maximum_weight": "11.00",
    "price": "10.00"
  }
},
{
  "model": "erp.tariff",
  "pk": 55,
  "fields": {
    "city": 140,
    "minimum_weight": "1.00",
    "maximum_weight": "3.00",
    "price": "3.00"
  }
},
{
  "model": "erp.tariff",
  "pk": 56,
  "fields": {
    "city": 140,
    "minimum_weight": "4.00",
    "maximum_weight": "7.00",
    "price": "7.00"
  }
},
{
  "model": "erp.tariff",
  "pk": 57,
  "fields": {
    "city": 140,
    "minimum_weight": "8.00",
    "maximum_weight": "11.00",
    "price": "8.00"
  }
},
{
  "model": "erp.tariff",
  "pk": 58,
  "fields": {
    "city": 139,
    "minimum_weight": "1.00",
    "maximum_weight": "3.00",
    "price": "3.00"
  }
},
{
  "model": "erp.tariff",
  "pk": 59,
  "fields": {
    "city": 139,
    "minimum_weight": "4.00",
    "maximum_weight": "7.00",
    "price": "6.00"
  }
},
{
  "model": "erp.tariff",
  "pk": 60,
  "fields": {
    "city": 139,
    "minimum_weight": "8.00",
    "maximum_weight": "11.00",
    "price": "9.00"
  }
},
{
  "model": "erp.tariff",
  "pk": 61,
  "fields": {
    "city": 138,
    "minimum_weight": "1.00",
    "maximum_weight": "3.00",
    "price": "1.00"
  }
},
{
  "model": "erp.tariff",
  "pk": 62,
  "fields": {
    "city": 138,
    "minimum_weight": "4.00",
    "maximum_weight": "7.00",
    "price": "7.00"
  }
},
{
  "model": "erp.tariff",
  "pk": 63,
  "fields": {
    "city": 138,
    "minimum_weight": "8.00",
    "maximum_weight": "11.00",
    "price": "9.00"
  }
},
{
  "model": "erp.tariff",
  "pk": 64,
  "fields": {
    "city": 137,
    "minimum_weight": "1.00",
    "maximum_weight": "3.00",
    "price": "1.00"
  }
},
{
  "model": "erp.tariff",
  "pk": 65,
  "fields": {
    "city": 137,
    "minimum_weight": "4.00",
    "maximum_weight": "7.00",
    "price": "5.00"
  }
},
{
  "model": "erp.tariff",
  "pk": 66,
  "fields": {
    "city": 137,
    "minimum_weight": "8.00",
    "maximum_weight": "11.00",
    "price": "11.00"
  }
},
{
  "model": "erp.tariff",
  "pk": 67,
  "fields": {
    "city": 136,
    "minimum_weight": "1.00",
    "maximum_weight": "3.00",
    "price": "3.00"
  }
},
{
  "model": "erp.tariff",
  "pk": 68,
  "fields": {
    "city": 136,
    "minimum_weight": "4.00",
    "maximum_weight": "7.00",
    "price": "6.00"
  }
},
{
  "model": "erp.tariff",
  "pk": 69,
  "fields": {
    "city": 136,
    "minimum_weight": "8.00",
    "maximum_weight": "11.00",
    "price": "11.00"
  }
},
{
  "model": "erp.tariff",
  "pk": 70,
  "fields": {
    "city": 135,
    "minimum_weight": "1.00",
    "maximum_weight": "3.00",
    "price": "1.00"
  }
},
{
  "model": "erp.tariff",
  "pk": 71,
  "fields": {
    "city": 135,
    "minimum_weight": "4.00",
    "maximum_weight": "7.00",
    "price": "5.00"
  }
},
{
  "model": "erp.tariff",
  "pk": 72,
  "fields": {
    "city": 135,
    "minimum_weight": "8.00",
    "maximum_weight": "11.00",
    "price": "10.00"
  }
},
{
  "model": "erp.tariff",
  "pk": 73,
  "fields": {
    "city": 134,
    "minimum_weight": "1.00",
    "maximum_weight": "3.00",
    "price": "1.00"
  }
},
{
  "model": "erp.tariff",
  "pk": 74,
  "fields": {
    "city": 134,
    "minimum_weight": "4.00",
    "maximum_weight": "7.00",
    "price": "7.00"
  }
},
{
  "model": "erp.tariff",
  "pk": 75,
  "fields": {
    "city": 134,
    "minimum_weight": "8.00",
    "maximum_weight": "11.00",
    "price": "11.00"
  }
},
{
  "model": "erp.tariff",
  "pk": 76,
  "fields": {
    "city": 133,
    "minimum_weight": "1.00",
    "maximum_weight": "3.00",
    "price": "3.00"
  }
},
{
  "model": "erp.tariff",
  "pk": 77,
  "fields": {
    "city": 133,
    "minimum_weight": "4.00",
    "maximum_weight": "7.00",
    "price": "4.00"
  }
},
{
  "model": "erp.tariff",
  "pk": 78,
  "fields": {
    "city": 133,
    "minimum_weight": "8.00",
    "maximum_weight": "11.00",
    "price": "10.00"
  }
},
{
  "model": "erp.tariff",
  "pk": 79,
  "fields": {
    "city": 132,
    "minimum_weight": "1.00",
    "maximum_weight": "3.00",
    "price": "1.00"
  }
},
{
  "model": "erp.tariff",
  "pk": 80,
  "fields": {
    "city": 132,
    "minimum_weight": "4.00",
    "maximum_weight": "7.00",
    "price": "5.00"
  }
},
{
  "model": "erp.tariff",
  "pk": 81,
  "fields": {
    "city": 132,
    "minimum_weight": "8.00",
    "maximum_weight": "11.00",
    "price": "11.00"
  }
},
{
  "model": "erp.tariff",
  "pk": 82,
  "fields": {
    "city": 131,
    "minimum_weight": "1.00",
    "maximum_weight": "3.00",
    "price": "2.00"
  }
},
{
  "model": "erp.tariff",
  "pk": 83,
  "fields": {
    "city": 131,
    "minimum_weight": "4.00",
    "maximum_weight": "7.00",
    "price": "6.00"
  }
},
{
  "model": "erp.tariff",
  "pk": 84,
  "fields": {
    "city": 131,
    "minimum_weight": "8.00",
    "maximum_weight": "11.00",
    "price": "9.00"
  }
},
{
  "model": "erp.tariff",
  "pk": 85,
  "fields": {
    "city": 130,
    "minimum_weight": "1.00",
    "maximum_weight": "3.00",
    "price": "1.00"
  }
},
{
  "model": "erp.tariff",
  "pk": 86,
  "fields": {
    "city": 130,
    "minimum_weight": "4.00",
    "maximum_weight": "7.00",
    "price": "4.00"
  }
},
{
  "model": "erp.tariff",
  "pk": 87,
  "fields": {
    "city": 130,
    "minimum_weight": "8.00",
    "maximum_weight": "11.00",
    "price": "8.00"
  }
},
{
  "model": "erp.tariff",
  "pk": 88,
  "fields": {
    "city": 129,
    "minimum_weight": "1.00",
    "maximum_weight": "3.00",
    "price": "1.00"
  }
},
{
  "model": "erp.tariff",
  "pk": 89,
  "fields": {
    "city": 129,
    "minimum_weight": "4.00",
    "maximum_weight": "7.00",
    "price": "5.00"
  }
},
{
  "model": "erp.tariff",
  "pk": 90,
  "fields": {
    "city": 129,
    "minimum_weight": "8.00",
    "maximum_weight": "11.00",
    "price": "9.00"
  }
},
{
  "model": "erp.tariff",
  "pk": 91,
  "fields": {
    "city": 128,
    "minimum_weight": "1.00",
    "maximum_weight": "3.00",
    "price": "1.00"
  }
},
{
  "model": "erp.tariff",
  "pk": 92,
  "fields": {
    "city": 128,
    "minimum_weight": "4.00",
    "maximum_weight": "7.00",
    "price": "6.00"
  }
},
{
  "model": "erp.tariff",
  "pk": 93,
  "fields": {
    "city": 128,
    "minimum_weight": "8.00",
    "maximum_weight": "11.00",
    "price": "8.00"
  }
},
{
  "model": "erp.tariff",
  "pk": 94,
  "fields": {
    "city": 127,
    "minimum_weight": "1.00",
    "maximum_weight": "3.00",
    "price": "1.00"
  }
},
{
  "model": "erp.tariff",
  "pk": 95,
  "fields": {
    "city": 127,
    "minimum_weight": "4.00",
    "maximum_weight": "7.00",
    "price": "7.00"
  }
},
{
  "model": "erp.tariff",
  "pk": 96,
  "fields": {
    "city": 127,
    "minimum_weight": "8.00",
    "maximum_weight": "11.00",
    "price": "9.00"
  }
},
{
  "model": "erp.tariff",
  "pk": 97,
  "fields": {
    "city": 126,
    "minimum_weight": "1.00",
    "maximum_weight": "3.00",
    "price": "1.00"
  }
},
{
  "model": "erp.tariff",
  "pk": 98,
  "fields": {
    "city": 126,
    "minimum_weight": "4.00",
    "maximum_weight": "7.00",
    "price": "4.00"
  }
},
{
  "model": "erp.tariff",
  "pk": 99,
  "fields": {
    "city": 126,
    "minimum_weight": "8.00",
    "maximum_weight": "11.00",
    "price": "10.00"
  }
},
{
  "model": "erp.tariff",
  "pk": 100,
  "fields": {
    "city": 125,
    "minimum_weight": "1.00",
    "maximum_weight": "3.00",
    "price": "2.00"
  }
},
{
  "model": "erp.tariff",
  "pk": 101,
  "fields": {
    "city": 125,
    "minimum_weight": "4.00",
    "maximum_weight": "7.00",
    "price": "6.00"
  }
},
{
  "model": "erp.tariff",
  "pk": 102,
  "fields": {
    "city": 125,
    "minimum_weight": "8.00",
    "maximum_weight": "11.00",
    "price": "8.00"
  }
},
{
  "model": "erp.tariff",
  "pk": 103,
  "fields": {
    "city": 124,
    "minimum_weight": "1.00",
    "maximum_weight": "3.00",
    "price": "3.00"
  }
},
{
  "model": "erp.tariff",
  "pk": 104,
  "fields": {
    "city": 124,
    "minimum_weight": "4.00",
    "maximum_weight": "7.00",
    "price": "7.00"
  }
},
{
  "model": "erp.tariff",
  "pk": 105,
  "fields": {
    "city": 124,
    "minimum_weight": "8.00",
    "maximum_weight": "11.00",
    "price": "11.00"
  }
},
{
  "model": "erp.tariff",
  "pk": 106,
  "fields": {
    "city": 123,
    "minimum_weight": "1.00",
    "maximum_weight": "3.00",
    "price": "2.00"
  }
},
{
  "model": "erp.tariff",
  "pk": 107,
  "fields": {
    "city": 123,
    "minimum_weight": "4.00",
    "maximum_weight": "7.00",
    "price": "4.00"
  }
},
{
  "model": "erp.tariff",
  "pk": 108,
  "fields": {
    "city": 123,
    "minimum_weight": "8.00",
    "maximum_weight": "11.00",
    "price": "11.00"
  }
},
{
  "model": "erp.tariff",
  "pk": 109,
  "fields": {
    "city": 122,
    "minimum_weight": "1.00",
    "maximum_weight": "3.00",
    "price": "3.00"
  }
},
{
  "model": "erp.tariff",
  "pk": 110,
  "fields": {
    "city": 122,
    "minimum_weight": "4.00",
    "maximum_weight": "7.00",
    "price": "6.00"
  }
},
{
  "model": "erp.tariff",
  "pk": 111,
  "fields": {
    "city": 122,
    "minimum_weight": "8.00",
    "maximum_weight": "11.00",
    "price": "8.00"
  }
},
{
  "model": "erp.tariff",
  "pk": 112,
  "fields": {
    "city": 121,
    "minimum_weight": "1.00",
    "maximum_weight": "3.00",
    "price": "2.00"
  }
},
{
  "model": "erp.tariff",
  "pk": 113,
  "fields": {
    "city": 121,
    "minimum_weight": "4.00",
    "maximum_weight": "7.00",
    "price": "5.00"
  }
},
{
  "model": "erp.tariff",
  "pk": 114,
  "fields": {
    "city": 121,
    "minimum_weight": "8.00",
    "maximum_weight": "11.00",
    "price": "10.00"
  }
},
{
  "model": "erp.tariff",
  "pk": 115,
  "fields": {
    "city": 120,
    "minimum_weight": "1.00",
    "maximum_weight": "3.00",
    "price": "3.00"
  }
},
{
  "model": "erp.tariff",
  "pk": 116,
  "fields": {
    "city": 120,
    "minimum_weight": "4.00",
    "maximum_weight": "7.00",
    "price": "6.00"
  }
},
{
  "model": "erp.tariff",
  "pk": 117,
  "fields": {
    "city": 120,
    "minimum_weight": "8.00",
    "maximum_weight": "11.00",
    "price": "9.00"
  }
},
{
  "model": "erp.tariff",
  "pk": 118,
  "fields": {
    "city": 119,
    "minimum_weight": "1.00",
    "maximum_weight": "3.00",
    "price": "2.00"
  }
},
{
  "model": "erp.tariff",
  "pk": 119,
  "fields": {
    "city": 119,
    "minimum_weight": "4.00",
    "maximum_weight": "7.00",
    "price": "4.00"
  }
},
{
  "model": "erp.tariff",
  "pk": 120,
  "fields": {
    "city": 119,
    "minimum_weight": "8.00",
    "maximum_weight": "11.00",
    "price": "10.00"
  }
},
{
  "model": "erp.tariff",
  "pk": 121,
  "fields": {
    "city": 118,
    "minimum_weight": "1.00",
    "maximum_weight": "3.00",
    "price": "3.00"
  }
},
{
  "model": "erp.tariff",
  "pk": 122,
  "fields": {
    "city": 118,
    "minimum_weight": "4.00",
    "maximum_weight": "7.00",
    "price": "6.00"
  }
},
{
  "model": "erp.tariff",
  "pk": 123,
  "fields": {
    "city": 118,
    "minimum_weight": "8.00",
    "maximum_weight": "11.00",
    "price": "10.00"
  }
},
{
  "model": "erp.tariff",
  "pk": 124,
  "fields": {
    "city": 117,
    "minimum_weight": "1.00",
    "maximum_weight": "3.00",
    "price": "2.00"
  }
},
{
  "model": "erp.tariff",
  "pk": 125,
  "fields": {
    "city": 117,
    "minimum_weight": "4.00",
    "maximum_weight": "7.00",
    "price": "6.00"
  }
},
{
  "model": "erp.tariff",
  "pk": 126,
  "fields": {
    "city": 117,
    "minimum_weight": "8.00",
    "maximum_weight": "11.00",
    "price": "9.00"
  }
},
{
  "model": "erp.tariff",
  "pk": 127,
  "fields": {
    "city": 116,
    "minimum_weight": "1.00",
    "maximum_weight": "3.00",
    "price": "1.00"
  }
},
{
  "model": "erp.tariff",
  "pk": 128,
  "fields": {
    "city": 116,
    "minimum_weight": "4.00",
    "maximum_weight": "7.00",
    "price": "5.00"
  }
},
{
  "model": "erp.tariff",
  "pk": 129,
  "fields": {
    "city": 116,
    "minimum_weight": "8.00",
    "maximum_weight": "11.00",
    "price": "9.00"
  }
},
{
  "model": "erp.tariff",
  "pk": 130,
  "fields": {
    "city": 115,
    "minimum_weight": "1.00",
    "maximum_weight": "3.00",
    "price": "3.00"
  }
},
{
  "model": "erp.tariff",
  "pk": 131,
  "fields": {
    "city": 115,
    "minimum_weight": "4.00",
    "maximum_weight": "7.00",
    "price": "6.00"
  }
},
{
  "model": "erp.tariff",
  "pk": 132,
  "fields": {
    "city": 115,
    "minimum_weight": "8.00",
    "maximum_weight": "11.00",
    "price": "11.00"
  }
},
{
  "model": "erp.tariff",
  "pk": 133,
  "fields": {
    "city": 114,
    "minimum_weight": "1.00",
    "maximum_weight": "3.00",
    "price": "1.00"
  }
},
{
  "model": "erp.tariff",
  "pk": 134,
  "fields": {
    "city": 114,
    "minimum_weight": "4.00",
    "maximum_weight": "7.00",
    "price": "5.00"
  }
},
{
  "model": "erp.tariff",
  "pk": 135,
  "fields": {
    "city": 114,
    "minimum_weight": "8.00",
    "maximum_weight": "11.00",
    "price": "11.00"
  }
},
{
  "model": "erp.tariff",
  "pk": 136,
  "fields": {
    "city": 113,
    "minimum_weight": "1.00",
    "maximum_weight": "3.00",
    "price": "2.00"
  }
},
{
  "model": "erp.tariff",
  "pk": 137,
  "fields": {
    "city": 113,
    "minimum_weight": "4.00",
    "maximum_weight": "7.00",
    "price": "7.00"
  }
},
{
  "model": "erp.tariff",
  "pk": 138,
  "fields": {
    "city": 113,
    "minimum_weight": "8.00",
    "maximum_weight": "11.00",
    "price": "9.00"
  }
},
{
  "model": "erp.tariff",
  "pk": 139,
  "fields": {
    "city": 112,
    "minimum_weight": "1.00",
    "maximum_weight": "3.00",
    "price": "1.00"
  }
},
{
  "model": "erp.tariff",
  "pk": 140,
  "fields": {
    "city": 112,
    "minimum_weight": "4.00",
    "maximum_weight": "7.00",
    "price": "5.00"
  }
},
{
  "model": "erp.tariff",
  "pk": 141,
  "fields": {
    "city": 112,
    "minimum_weight": "8.00",
    "maximum_weight": "11.00",
    "price": "8.00"
  }
},
{
  "model": "erp.tariff",
  "pk": 142,
  "fields": {
    "city": 111,
    "minimum_weight": "1.00",
    "maximum_weight": "3.00",
    "price": "3.00"
  }
},
{
  "model": "erp.tariff",
  "pk": 143,
  "fields": {
    "city": 111,
    "minimum_weight": "4.00",
    "maximum_weight": "7.00",
    "price": "7.00"
  }
},
{
  "model": "erp.tariff",
  "pk": 144,
  "fields": {
    "city": 111,
    "minimum_weight": "8.00",
    "maximum_weight": "11.00",
    "price": "10.00"
  }
},
{
  "model": "erp.tariff",
  "pk": 145,
  "fields": {
    "city": 110,
    "minimum_weight": "1.00",
    "maximum_weight": "3.00",
    "price": "2.00"
  }
},
{
  "model": "erp.tariff",
  "pk": 146,
  "fields": {
    "city": 110,
    "minimum_weight": "4.00",
    "maximum_weight": "7.00",
    "price": "7.00"
  }
},
{
  "model": "erp.tariff",
  "pk": 147,
  "fields": {
    "city": 110,
    "minimum_weight": "8.00",
    "maximum_weight": "11.00",
    "price": "10.00"
  }
},
{
  "model": "erp.tariff",
  "pk": 148,
  "fields": {
    "city": 109,
    "minimum_weight": "1.00",
    "maximum_weight": "3.00",
    "price": "2.00"
  }
},
{
  "model": "erp.tariff",
  "pk": 149,
  "fields": {
    "city": 109,
    "minimum_weight": "4.00",
    "maximum_weight": "7.00",
    "price": "4.00"
  }
},
{
  "model": "erp.tariff",
  "pk": 150,
  "fields": {
    "city": 109,
    "minimum_weight": "8.00",
    "maximum_weight": "11.00",
    "price": "10.00"
  }
},
{
  "model": "erp.tariff",
  "pk": 151,
  "fields": {
    "city": 108,
    "minimum_weight": "1.00",
    "maximum_weight": "3.00",
    "price": "3.00"
  }
},
{
  "model": "erp.tariff",
  "pk": 152,
  "fields": {
    "city": 108,
    "minimum_weight": "4.00",
    "maximum_weight": "7.00",
    "price": "7.00"
  }
},
{
  "model": "erp.tariff",
  "pk": 153,
  "fields": {
    "city": 108,
    "minimum_weight": "8.00",
    "maximum_weight": "11.00",
    "price": "11.00"
  }
},
{
  "model": "erp.tariff",
  "pk": 154,
  "fields": {
    "city": 107,
    "minimum_weight": "1.00",
    "maximum_weight": "3.00",
    "price": "2.00"
  }
},
{
  "model": "erp.tariff",
  "pk": 155,
  "fields": {
    "city": 107,
    "minimum_weight": "4.00",
    "maximum_weight": "7.00",
    "price": "6.00"
  }
},
{
  "model": "erp.tariff",
  "pk": 156,
  "fields": {
    "city": 107,
    "minimum_weight": "8.00",
    "maximum_weight": "11.00",
    "price": "9.00"
  }
},
{
  "model": "erp.tariff",
  "pk": 157,
  "fields": {
    "city": 106,
    "minimum_weight": "1.00",
    "maximum_weight": "3.00",
    "price": "2.00"
  }
},
{
  "model": "erp.tariff",
  "pk": 158,
  "fields": {
    "city": 106,
    "minimum_weight": "4.00",
    "maximum_weight": "7.00",
    "price": "7.00"
  }
},
{
  "model": "erp.tariff",
  "pk": 159,
  "fields": {
    "city": 106,
    "minimum_weight": "8.00",
    "maximum_weight": "11.00",
    "price": "9.00"
  }
},
{
  "model": "erp.tariff",
  "pk": 160,
  "fields": {
    "city": 105,
    "minimum_weight": "1.00",
    "maximum_weight": "3.00",
    "price": "3.00"
  }
},
{
  "model": "erp.tariff",
  "pk": 161,
  "fields": {
    "city": 105,
    "minimum_weight": "4.00",
    "maximum_weight": "7.00",
    "price": "4.00"
  }
},
{
  "model": "erp.tariff",
  "pk": 162,
  "fields": {
    "city": 105,
    "minimum_weight": "8.00",
    "maximum_weight": "11.00",
    "price": "11.00"
  }
},
{
  "model": "erp.tariff",
  "pk": 163,
  "fields": {
    "city": 104,
    "minimum_weight": "1.00",
    "maximum_weight": "3.00",
    "price": "2.00"
  }
},
{
  "model": "erp.tariff",
  "pk": 164,
  "fields": {
    "city": 104,
    "minimum_weight": "4.00",
    "maximum_weight": "7.00",
    "price": "5.00"
  }
},
{
  "model": "erp.tariff",
  "pk": 165,
  "fields": {
    "city": 104,
    "minimum_weight": "8.00",
    "maximum_weight": "11.00",
    "price": "9.00"
  }
},
{
  "model": "erp.tariff",
  "pk": 166,
  "fields": {
    "city": 103,
    "minimum_weight": "1.00",
    "maximum_weight": "3.00",
    "price": "1.00"
  }
},
{
  "model": "erp.tariff",
  "pk": 167,
  "fields": {
    "city": 103,
    "minimum_weight": "4.00",
    "maximum_weight": "7.00",
    "price": "5.00"
  }
},
{
  "model": "erp.tariff",
  "pk": 168,
  "fields": {
    "city": 103,
    "minimum_weight": "8.00",
    "maximum_weight": "11.00",
    "price": "10.00"
  }
},
{
  "model": "erp.tariff",
  "pk": 169,
  "fields": {
    "city": 102,
    "minimum_weight": "1.00",
    "maximum_weight": "3.00",
    "price": "1.00"
  }
},
{
  "model": "erp.tariff",
  "pk": 170,
  "fields": {
    "city": 102,
    "minimum_weight": "4.00",
    "maximum_weight": "7.00",
    "price": "5.00"
  }
},
{
  "model": "erp.tariff",
  "pk": 171,
  "fields": {
    "city": 102,
    "minimum_weight": "8.00",
    "maximum_weight": "11.00",
    "price": "10.00"
  }
},
{
  "model": "erp.tariff",
  "pk": 172,
  "fields": {
    "city": 101,
    "minimum_weight": "1.00",
    "maximum_weight": "3.00",
    "price": "2.00"
  }
},
{
  "model": "erp.tariff",
  "pk": 173,
  "fields": {
    "city": 101,
    "minimum_weight": "4.00",
    "maximum_weight": "7.00",
    "price": "4.00"
  }
},
{
  "model": "erp.tariff",
  "pk": 174,
  "fields": {
    "city": 101,
    "minimum_weight": "8.00",
    "maximum_weight": "11.00",
    "price": "8.00"
  }
},
{
  "model": "erp.tariff",
  "pk": 175,
  "fields": {
    "city": 100,
    "minimum_weight": "1.00",
    "maximum_weight": "3.00",
    "price": "2.00"
  }
},
{
  "model": "erp.tariff",
  "pk": 176,
  "fields": {
    "city": 100,
    "minimum_weight": "4.00",
    "maximum_weight": "7.00",
    "price": "7.00"
  }
},
{
  "model": "erp.tariff",
  "pk": 177,
  "fields": {
    "city": 100,
    "minimum_weight": "8.00",
    "maximum_weight": "11.00",
    "price": "11.00"
  }
},
{
  "model": "erp.tariff",
  "pk": 178,
  "fields": {
    "city": 99,
    "minimum_weight": "1.00",
    "maximum_weight": "3.00",
    "price": "1.00"
  }
},
{
  "model": "erp.tariff",
  "pk": 179,
  "fields": {
    "city": 99,
    "minimum_weight": "4.00",
    "maximum_weight": "7.00",
    "price": "5.00"
  }
},
{
  "model": "erp.tariff",
  "pk": 180,
  "fields": {
    "city": 99,
    "minimum_weight": "8.00",
    "maximum_weight": "11.00",
    "price": "10.00"
  }
},
{
  "model": "erp.tariff",
  "pk": 181,
  "fields": {
    "city": 98,
    "minimum_weight": "1.00",
    "maximum_weight": "3.00",
    "price": "1.00"
  }
},
{
  "model": "erp.tariff",
  "pk": 182,
  "fields": {
    "city": 98,
    "minimum_weight": "4.00",
    "maximum_weight": "7.00",
    "price": "5.00"
  }
},
{
  "model": "erp.tariff",
  "pk": 183,
  "fields": {
    "city": 98,
    "minimum_weight": "8.00",
    "maximum_weight": "11.00",
    "price": "8.00"
  }
},
{
  "model": "erp.tariff",
  "pk": 184,
  "fields": {
    "city": 97,
    "minimum_weight": "1.00",
    "maximum_weight": "3.00",
    "price": "3.00"
  }
},
{
  "model": "erp.tariff",
  "pk": 185,
  "fields": {
    "city": 97,
    "minimum_weight": "4.00",
    "maximum_weight": "7.00",
    "price": "6.00"
  }
},
{
  "model": "erp.tariff",
  "pk": 186,
  "fields": {
    "city": 97,
    "minimum_weight": "8.00",
    "maximum_weight": "11.00",
    "price": "11.00"
  }
},
{
  "model": "erp.tariff",
  "pk": 187,
  "fields": {
    "city": 96,
    "minimum_weight": "1.00",
    "maximum_weight": "3.00",
    "price": "3.00"
  }
},
{
  "model": "erp.tariff",
  "pk": 188,
  "fields": {
    "city": 96,
    "minimum_weight": "4.00",
    "maximum_weight": "7.00",
    "price": "4.00"
  }
},
{
  "model": "erp.tariff",
  "pk": 189,
  "fields": {
    "city": 96,
    "minimum_weight": "8.00",
    "maximum_weight": "11.00",
    "price": "8.00"
  }
},
{
  "model": "erp.tariff",
  "pk": 190,
  "fields": {
    "city": 95,
    "minimum_weight": "1.00",
    "maximum_weight": "3.00",
    "price": "3.00"
  }
},
{
  "model": "erp.tariff",
  "pk": 191,
  "fields": {
    "city": 95,
    "minimum_weight": "4.00",
    "maximum_weight": "7.00",
    "price": "4.00"
  }
},
{
  "model": "erp.tariff",
  "pk": 192,
  "fields": {
    "city": 95,
    "minimum_weight": "8.00",
    "maximum_weight": "11.00",
    "price": "10.00"
  }
},
{
  "model": "erp.tariff",
  "pk": 193,
  "fields": {
    "city": 94,
    "minimum_weight": "1.00",
    "maximum_weight": "3.00",
    "price": "1.00"
  }
},
{
  "model": "erp.tariff",
  "pk": 194,
  "fields": {
    "city": 94,
    "minimum_weight": "4.00",
    "maximum_weight": "7.00",
    "price": "5.00"
  }
},
{
  "model": "erp.tariff",
  "pk": 195,
  "fields": {
    "city": 94,
    "minimum_weight": "8.00",
    "maximum_weight": "11.00",
    "price": "8.00"
  }
},
{
  "model": "erp.tariff",
  "pk": 196,
  "fields": {
    "city": 93,
    "minimum_weight": "1.00",
    "maximum_weight": "3.00",
    "price": "1.00"
  }
},
{
  "model": "erp.tariff",
  "pk": 197,
  "fields": {
    "city": 93,
    "minimum_weight": "4.00",
    "maximum_weight": "7.00",
    "price": "6.00"
  }
},
{
  "model": "erp.tariff",
  "pk": 198,
  "fields": {
    "city": 93,
    "minimum_weight": "8.00",
    "maximum_weight": "11.00",
    "price": "8.00"
  }
},
{
  "model": "erp.tariff",
  "pk": 199,
  "fields": {
    "city": 92,
    "minimum_weight": "1.00",
    "maximum_weight": "3.00",
    "price": "1.00"
  }
},
{
  "model": "erp.tariff",
  "pk": 200,
  "fields": {
    "city": 92,
    "minimum_weight": "4.00",
    "maximum_weight": "7.00",
    "price": "5.00"
  }
},
{
  "model": "erp.tariff",
  "pk": 201,
  "fields": {
    "city": 92,
    "minimum_weight": "8.00",
    "maximum_weight": "11.00",
    "price": "11.00"
  }
},
{
  "model": "erp.tariff",
  "pk": 202,
  "fields": {
    "city": 91,
    "minimum_weight": "1.00",
    "maximum_weight": "3.00",
    "price": "3.00"
  }
},
{
  "model": "erp.tariff",
  "pk": 203,
  "fields": {
    "city": 91,
    "minimum_weight": "4.00",
    "maximum_weight": "7.00",
    "price": "7.00"
  }
},
{
  "model": "erp.tariff",
  "pk": 204,
  "fields": {
    "city": 91,
    "minimum_weight": "8.00",
    "maximum_weight": "11.00",
    "price": "10.00"
  }
},
{
  "model": "erp.tariff",
  "pk": 205,
  "fields": {
    "city": 90,
    "minimum_weight": "1.00",
    "maximum_weight": "3.00",
    "price": "2.00"
  }
},
{
  "model": "erp.tariff",
  "pk": 206,
  "fields": {
    "city": 90,
    "minimum_weight": "4.00",
    "maximum_weight": "7.00",
    "price": "5.00"
  }
},
{
  "model": "erp.tariff",
  "pk": 207,
  "fields": {
    "city": 90,
    "minimum_weight": "8.00",
    "maximum_weight": "11.00",
    "price": "9.00"
  }
},
{
  "model": "erp.tariff",
  "pk": 208,
  "fields": {
    "city": 89,
    "minimum_weight": "1.00",
    "maximum_weight": "3.00",
    "price": "2.00"
  }
},
{
  "model": "erp.tariff",
  "pk": 209,
  "fields": {
    "city": 89,
    "minimum_weight": "4.00",
    "maximum_weight": "7.00",
    "price": "7.00"
  }
},
{
  "model": "erp.tariff",
  "pk": 210,
  "fields": {
    "city": 89,
    "minimum_weight": "8.00",
    "maximum_weight": "11.00",
    "price": "11.00"
  }
},
{
  "model": "erp.tariff",
  "pk": 211,
  "fields": {
    "city": 88,
    "minimum_weight": "1.00",
    "maximum_weight": "3.00",
    "price": "2.00"
  }
},
{
  "model": "erp.tariff",
  "pk": 212,
  "fields": {
    "city": 88,
    "minimum_weight": "4.00",
    "maximum_weight": "7.00",
    "price": "5.00"
  }
},
{
  "model": "erp.tariff",
  "pk": 213,
  "fields": {
    "city": 88,
    "minimum_weight": "8.00",
    "maximum_weight": "11.00",
    "price": "9.00"
  }
},
{
  "model": "erp.tariff",
  "pk": 214,
  "fields": {
    "city": 87,
    "minimum_weight": "1.00",
    "maximum_weight": "3.00",
    "price": "2.00"
  }
},
{
  "model": "erp.tariff",
  "pk": 215,
  "fields": {
    "city": 87,
    "minimum_weight": "4.00",
    "maximum_weight": "7.00",
    "price": "4.00"
  }
},
{
  "model": "erp.tariff",
  "pk": 216,
  "fields": {
    "city": 87,
    "minimum_weight": "8.00",
    "maximum_weight": "11.00",
    "price": "9.00"
  }
},
{
  "model": "erp.tariff",
  "pk": 217,
  "fields": {
    "city": 86,
    "minimum_weight": "1.00",
    "maximum_weight": "3.00",
    "price": "2.00"
  }
},
{
  "model": "erp.tariff",
  "pk": 218,
  "fields": {
    "city": 86,
    "minimum_weight": "4.00",
    "maximum_weight": "7.00",
    "price": "5.00"
  }
},
{
  "model": "erp.tariff",
  "pk": 219,
  "fields": {
    "city": 86,
    "minimum_weight": "8.00",
    "maximum_weight": "11.00",
    "price": "10.00"
  }
},
{
  "model": "erp.tariff",
  "pk": 220,
  "fields": {
    "city": 85,
    "minimum_weight": "1.00",
    "maximum_weight": "3.00",
    "price": "3.00"
  }
},
{
  "model": "erp.tariff",
  "pk": 221,
  "fields": {
    "city": 85,
    "minimum_weight": "4.00",
    "maximum_weight": "7.00",
    "price": "7.00"
  }
},
{
  "model": "erp.tariff",
  "pk": 222,
  "fields": {
    "city": 85,
    "minimum_weight": "8.00",
    "maximum_weight": "11.00",
    "price": "10.00"
  }
},
{
  "model": "erp.tariff",
  "pk": 223,
  "fields": {
    "city": 84,
    "minimum_weight": "1.00",
    "maximum_weight": "3.00",
    "price": "1.00"
  }
},
{
  "model": "erp.tariff",
  "pk": 224,
  "fields": {
    "city": 84,
    "minimum_weight": "4.00",
    "maximum_weight": "7.00",
    "price": "6.00"
  }
},
{
  "model": "erp.tariff",
  "pk": 225,
  "fields": {
    "city": 84,
    "minimum_weight": "8.00",
    "maximum_weight": "11.00",
    "price": "8.00"
  }
},
{
  "model": "erp.tariff",
  "pk": 226,
  "fields": {
    "city": 83,
    "minimum_weight": "1.00",
    "maximum_weight": "3.00",
    "price": "1.00"
  }
},
{
  "model": "erp.tariff",
  "pk": 227,
  "fields": {
    "city": 83,
    "minimum_weight": "4.00",
    "maximum_weight": "7.00",
    "price": "6.00"
  }
},
{
  "model": "erp.tariff",
  "pk": 228,
  "fields": {
    "city": 83,
    "minimum_weight": "8.00",
    "maximum_weight": "11.00",
    "price": "9.00"
  }
},
{
  "model": "erp.tariff",
  "pk": 229,
  "fields": {
    "city": 82,
    "minimum_weight": "1.00",
    "maximum_weight": "3.00",
    "price": "1.00"
  }
},
{
  "model": "erp.tariff",
  "pk": 230,
  "fields": {
    "city": 82,
    "minimum_weight": "4.00",
    "maximum_weight": "7.00",
    "price": "7.00"
  }
},
{
  "model": "erp.tariff",
  "pk": 231,
  "fields": {
    "city": 82,
    "minimum_weight": "8.00",
    "maximum_weight": "11.00",
    "price": "10.00"
  }
},
{
  "model": "erp.tariff",
  "pk": 232,
  "fields": {
    "city": 81,
    "minimum_weight": "1.00",
    "maximum_weight": "3.00",
    "price": "3.00"
  }
},
{
  "model": "erp.tariff",
  "pk": 233,
  "fields": {
    "city": 81,
    "minimum_weight": "4.00",
    "maximum_weight": "7.00",
    "price": "6.00"
  }
},
{
  "model": "erp.tariff",
  "pk": 234,
  "fields": {
    "city": 81,
    "minimum_weight": "8.00",
    "maximum_weight": "11.00",
    "price": "9.00"
  }
},
{
  "model": "erp.tariff",
  "pk": 235,
  "fields": {
    "city": 80,
    "minimum_weight": "1.00",
    "maximum_weight": "3.00",
    "price": "3.00"
  }
},
{
  "model": "erp.tariff",
  "pk": 236,
  "fields": {
    "city": 80,
    "minimum_weight": "4.00",
    "maximum_weight": "7.00",
    "price": "4.00"
  }
},
{
  "model": "erp.tariff",
  "pk": 237,
  "fields": {
    "city": 80,
    "minimum_weight": "8.00",
    "maximum_weight": "11.00",
    "price": "10.00"
  }
},
{
  "model": "erp.tariff",
  "pk": 238,
  "fields": {
    "city": 79,
    "minimum_weight": "1.00",
    "maximum_weight": "3.00",
    "price": "1.00"
  }
},
{
  "model": "erp.tariff",
  "pk": 239,
  "fields": {
    "city": 79,
    "minimum_weight": "4.00",
    "maximum_weight": "7.00",
    "price": "6.00"
  }
},
{
  "model": "erp.tariff",
  "pk": 240,
  "fields": {
    "city": 79,
    "minimum_weight": "8.00",
    "maximum_weight": "11.00",
    "price": "10.00"
  }
},
{
  "model": "erp.tariff",
  "pk": 241,
  "fields": {
    "city": 78,
    "minimum_weight": "1.00",
    "maximum_weight": "3.00",
    "price": "2.00"
  }
},
{
  "model": "erp.tariff",
  "pk": 242,
  "fields": {
    "city": 78,
    "minimum_weight": "4.00",
    "maximum_weight": "7.00",
    "price": "5.00"
  }
},
{
  "model": "erp.tariff",
  "pk": 243,
  "fields": {
    "city": 78,
    "minimum_weight": "8.00",
    "maximum_weight": "11.00",
    "price": "10.00"
  }
},
{
  "model": "erp.tariff",
  "pk": 244,
  "fields": {
    "city": 77,
    "minimum_weight": "1.00",
    "maximum_weight": "3.00",
    "price": "3.00"
  }
},
{
  "model": "erp.tariff",
  "pk": 245,
  "fields": {
    "city": 77,
    "minimum_weight": "4.00",
    "maximum_weight": "7.00",
    "price": "4.00"
  }
},
{
  "model": "erp.tariff",
  "pk": 246,
  "fields": {
    "city": 77,
    "minimum_weight": "8.00",
    "maximum_weight": "11.00",
    "price": "10.00"
  }
},
{
  "model": "erp.tariff",
  "pk": 247,
  "fields": {
    "city": 76,
    "minimum_weight": "1.00",
    "maximum_weight": "3.00",
    "price": "2.00"
  }
},
{
  "model": "erp.tariff",
  "pk": 248,
  "fields": {
    "city": 76,
    "minimum_weight": "4.00",
    "maximum_weight": "7.00",
    "price": "6.00"
  }
},
{
  "model": "erp.tariff",
  "pk": 249,
  "fields": {
    "city": 76,
    "minimum_weight": "8.00",
    "maximum_weight": "11.00",
    "price": "11.00"
  }
},
{
  "model": "erp.tariff",
  "pk": 250,
  "fields": {
    "city": 75,
    "minimum_weight": "1.00",
    "maximum_weight": "3.00",
    "price": "1.00"
  }
},
{
  "model": "erp.tariff",
  "pk": 251,
  "fields": {
    "city": 75,
    "minimum_weight": "4.00",
    "maximum_weight": "7.00",
    "price": "5.00"
  }
},
{
  "model": "erp.tariff",
  "pk": 252,
  "fields": {
    "city": 75,
    "minimum_weight": "8.00",
    "maximum_weight": "11.00",
    "price": "8.00"
  }
},
{
  "model": "erp.tariff",
  "pk": 253,
  "fields": {
    "city": 74,
    "minimum_weight": "1.00",
    "maximum_weight": "3.00",
    "price": "2.00"
  }
},
{
  "model": "erp.tariff",
  "pk": 254,
  "fields": {
    "city": 74,
    "minimum_weight": "4.00",
    "maximum_weight": "7.00",
    "price": "5.00"
  }
},
{
  "model": "erp.tariff",
  "pk": 255,
  "fields": {
    "city": 74,
    "minimum_weight": "8.00",
    "maximum_weight": "11.00",
    "price": "10.00"
  }
},
{
  "model": "erp.tariff",
  "pk": 256,
  "fields": {
    "city": 73,
    "minimum_weight": "1.00",
    "maximum_weight": "3.00",
    "price": "3.00"
  }
},
{
  "model": "erp.tariff",
  "pk": 257,
  "fields": {
    "city": 73,
    "minimum_weight": "4.00",
    "maximum_weight": "7.00",
    "price": "6.00"
  }
},
{
  "model": "erp.tariff",
  "pk": 258,
  "fields": {
    "city": 73,
    "minimum_weight": "8.00",
    "maximum_weight": "11.00",
    "price": "11.00"
  }
},
{
  "model": "erp.tariff",
  "pk": 259,
  "fields": {
    "city": 72,
    "minimum_weight": "1.00",
    "maximum_weight": "3.00",
    "price": "1.00"
  }
},
{
  "model": "erp.tariff",
  "pk": 260,
  "fields": {
    "city": 72,
    "minimum_weight": "4.00",
    "maximum_weight": "7.00",
    "price": "4.00"
  }
},
{
  "model": "erp.tariff",
  "pk": 261,
  "fields": {
    "city": 72,
    "minimum_weight": "8.00",
    "maximum_weight": "11.00",
    "price": "11.00"
  }
},
{
  "model": "erp.tariff",
  "pk": 262,
  "fields": {
    "city": 71,
    "minimum_weight": "1.00",
    "maximum_weight": "3.00",
    "price": "2.00"
  }
},
{
  "model": "erp.tariff",
  "pk": 263,
  "fields": {
    "city": 71,
    "minimum_weight": "4.00",
    "maximum_weight": "7.00",
    "price": "5.00"
  }
},
{
  "model": "erp.tariff",
  "pk": 264,
  "fields": {
    "city": 71,
    "minimum_weight": "8.00",
    "maximum_weight": "11.00",
    "price": "10.00"
  }
},
{
  "model": "erp.tariff",
  "pk": 265,
  "fields": {
    "city": 70,
    "minimum_weight": "1.00",
    "maximum_weight": "3.00",
    "price": "3.00"
  }
},
{
  "model": "erp.tariff",
  "pk": 266,
  "fields": {
    "city": 70,
    "minimum_weight": "4.00",
    "maximum_weight": "7.00",
    "price": "7.00"
  }
},
{
  "model": "erp.tariff",
  "pk": 267,
  "fields": {
    "city": 70,
    "minimum_weight": "8.00",
    "maximum_weight": "11.00",
    "price": "10.00"
  }
},
{
  "model": "erp.tariff",
  "pk": 268,
  "fields": {
    "city": 69,
    "minimum_weight": "1.00",
    "maximum_weight": "3.00",
    "price": "3.00"
  }
},
{
  "model": "erp.tariff",
  "pk": 269,
  "fields": {
    "city": 69,
    "minimum_weight": "4.00",
    "maximum_weight": "7.00",
    "price": "7.00"
  }
},
{
  "model": "erp.tariff",
  "pk": 270,
  "fields": {
    "city": 69,
    "minimum_weight": "8.00",
    "maximum_weight": "11.00",
    "price": "10.00"
  }
},
{
  "model": "erp.tariff",
  "pk": 271,
  "fields": {
    "city": 68,
    "minimum_weight": "1.00",
    "maximum_weight": "3.00",
    "price": "2.00"
  }
},
{
  "model": "erp.tariff",
  "pk": 272,
  "fields": {
    "city": 68,
    "minimum_weight": "4.00",
    "maximum_weight": "7.00",
    "price": "4.00"
  }
},
{
  "model": "erp.tariff",
  "pk": 273,
  "fields": {
    "city": 68,
    "minimum_weight": "8.00",
    "maximum_weight": "11.00",
    "price": "8.00"
  }
},
{
  "model": "erp.tariff",
  "pk": 274,
  "fields": {
    "city": 67,
    "minimum_weight": "1.00",
    "maximum_weight": "3.00",
    "price": "1.00"
  }
},
{
  "model": "erp.tariff",
  "pk": 275,
  "fields": {
    "city": 67,
    "minimum_weight": "4.00",
    "maximum_weight": "7.00",
    "price": "5.00"
  }
},
{
  "model": "erp.tariff",
  "pk": 276,
  "fields": {
    "city": 67,
    "minimum_weight": "8.00",
    "maximum_weight": "11.00",
    "price": "10.00"
  }
},
{
  "model": "erp.tariff",
  "pk": 277,
  "fields": {
    "city": 66,
    "minimum_weight": "1.00",
    "maximum_weight": "3.00",
    "price": "3.00"
  }
},
{
  "model": "erp.tariff",
  "pk": 278,
  "fields": {
    "city": 66,
    "minimum_weight": "4.00",
    "maximum_weight": "7.00",
    "price": "7.00"
  }
},
{
  "model": "erp.tariff",
  "pk": 279,
  "fields": {
    "city": 66,
    "minimum_weight": "8.00",
    "maximum_weight": "11.00",
    "price": "9.00"
  }
},
{
  "model": "erp.tariff",
  "pk": 280,
  "fields": {
    "city": 65,
    "minimum_weight": "1.00",
    "maximum_weight": "3.00",
    "price": "3.00"
  }
},
{
  "model": "erp.tariff",
  "pk": 281,
  "fields": {
    "city": 65,
    "minimum_weight": "4.00",
    "maximum_weight": "7.00",
    "price": "5.00"
  }
},
{
  "model": "erp.tariff",
  "pk": 282,
  "fields": {
    "city": 65,
    "minimum_weight": "8.00",
    "maximum_weight": "11.00",
    "price": "8.00"
  }
},
{
  "model": "erp.tariff",
  "pk": 283,
  "fields": {
    "city": 64,
    "minimum_weight": "1.00",
    "maximum_weight": "3.00",
    "price": "2.00"
  }
},
{
  "model": "erp.tariff",
  "pk": 284,
  "fields": {
    "city": 64,
    "minimum_weight": "4.00",
    "maximum_weight": "7.00",
    "price": "4.00"
  }
},
{
  "model": "erp.tariff",
  "pk": 285,
  "fields": {
    "city": 64,
    "minimum_weight": "8.00",
    "maximum_weight": "11.00",
    "price": "9.00"
  }
},
{
  "model": "erp.tariff",
  "pk": 286,
  "fields": {
    "city": 63,
    "minimum_weight": "1.00",
    "maximum_weight": "3.00",
    "price": "1.00"
  }
},
{
  "model": "erp.tariff",
  "pk": 287,
  "fields": {
    "city": 63,
    "minimum_weight": "4.00",
    "maximum_weight": "7.00",
    "price": "6.00"
  }
},
{
  "model": "erp.tariff",
  "pk": 288,
  "fields": {
    "city": 63,
    "minimum_weight": "8.00",
    "maximum_weight": "11.00",
    "price": "9.00"
  }
},
{
  "model": "erp.tariff",
  "pk": 289,
  "fields": {
    "city": 62,
    "minimum_weight": "1.00",
    "maximum_weight": "3.00",
    "price": "1.00"
  }
},
{
  "model": "erp.tariff",
  "pk": 290,
  "fields": {
    "city": 62,
    "minimum_weight": "4.00",
    "maximum_weight": "7.00",
    "price": "7.00"
  }
},
{
  "model": "erp.tariff",
  "pk": 291,
  "fields": {
    "city": 62,
    "minimum_weight": "8.00",
    "maximum_weight": "11.00",
    "price": "9.00"
  }
},
{
  "model": "erp.tariff",
  "pk": 292,
  "fields": {
    "city": 61,
    "minimum_weight": "1.00",
    "maximum_weight": "3.00",
    "price": "3.00"
  }
},
{
  "model": "erp.tariff",
  "pk": 293,
  "fields": {
    "city": 61,
    "minimum_weight": "4.00",
    "maximum_weight": "7.00",
    "price": "7.00"
  }
},
{
  "model": "erp.tariff",
  "pk": 294,
  "fields": {
    "city": 61,
    "minimum_weight": "8.00",
    "maximum_weight": "11.00",
    "price": "8.00"
  }
},
{
  "model": "erp.tariff",
  "pk": 295,
  "fields": {
    "city": 60,
    "minimum_weight": "1.00",
    "maximum_weight": "3.00",
    "price": "3.00"
  }
},
{
  "model": "erp.tariff",
  "pk": 296,
  "fields": {
    "city": 60,
    "minimum_weight": "4.00",
    "maximum_weight": "7.00",
    "price": "6.00"
  }
},
{
  "model": "erp.tariff",
  "pk": 297,
  "fields": {
    "city": 60,
    "minimum_weight": "8.00",
    "maximum_weight": "11.00",
    "price": "8.00"
  }
},
{
  "model": "erp.tariff",
  "pk": 298,
  "fields": {
    "city": 59,
    "minimum_weight": "1.00",
    "maximum_weight": "3.00",
    "price": "3.00"
  }
},
{
  "model": "erp.tariff",
  "pk": 299,
  "fields": {
    "city": 59,
    "minimum_weight": "4.00",
    "maximum_weight": "7.00",
    "price": "5.00"
  }
},
{
  "model": "erp.tariff",
  "pk": 300,
  "fields": {
    "city": 59,
    "minimum_weight": "8.00",
    "maximum_weight": "11.00",
    "price": "10.00"
  }
},
{
  "model": "erp.tariff",
  "pk": 301,
  "fields": {
    "city": 58,
    "minimum_weight": "1.00",
    "maximum_weight": "3.00",
    "price": "2.00"
  }
},
{
  "model": "erp.tariff",
  "pk": 302,
  "fields": {
    "city": 58,
    "minimum_weight": "4.00",
    "maximum_weight": "7.00",
    "price": "4.00"
  }
},
{
  "model": "erp.tariff",
  "pk": 303,
  "fields": {
    "city": 58,
    "minimum_weight": "8.00",
    "maximum_weight": "11.00",
    "price": "10.00"
  }
},
{
  "model": "erp.tariff",
  "pk": 304,
  "fields": {
    "city": 57,
    "minimum_weight": "1.00",
    "maximum_weight": "3.00",
    "price": "2.00"
  }
},
{
  "model": "erp.tariff",
  "pk": 305,
  "fields": {
    "city": 57,
    "minimum_weight": "4.00",
    "maximum_weight": "7.00",
    "price": "7.00"
  }
},
{
  "model": "erp.tariff",
  "pk": 306,
  "fields": {
    "city": 57,
    "minimum_weight": "8.00",
    "maximum_weight": "11.00",
    "price": "11.00"
  }
},
{
  "model": "erp.tariff",
  "pk": 307,
  "fields": {
    "city": 56,
    "minimum_weight": "1.00",
    "maximum_weight": "3.00",
    "price": "1.00"
  }
},
{
  "model": "erp.tariff",
  "pk": 308,
  "fields": {
    "city": 56,
    "minimum_weight": "4.00",
    "maximum_weight": "7.00",
    "price": "6.00"
  }
},
{
  "model": "erp.tariff",
  "pk": 309,
  "fields": {
    "city": 56,
    "minimum_weight": "8.00",
    "maximum_weight": "11.00",
    "price": "9.00"
  }
},
{
  "model": "erp.tariff",
  "pk": 310,
  "fields": {
    "city": 55,
    "minimum_weight": "1.00",
    "maximum_weight": "3.00",
    "price": "1.00"
  }
},
{
  "model": "erp.tariff",
  "pk": 311,
  "fields": {
    "city": 55,
    "minimum_weight": "4.00",
    "maximum_weight": "7.00",
    "price": "4.00"
  }
},
{
  "model": "erp.tariff",
  "pk": 312,
  "fields": {
    "city": 55,
    "minimum_weight": "8.00",
    "maximum_weight": "11.00",
    "price": "11.00"
  }
},
{
  "model": "erp.tariff",
  "pk": 313,
  "fields": {
    "city": 54,
    "minimum_weight": "1.00",
    "maximum_weight": "3.00",
    "price": "3.00"
  }
},
{
  "model": "erp.tariff",
  "pk": 314,
  "fields": {
    "city": 54,
    "minimum_weight": "4.00",
    "maximum_weight": "7.00",
    "price": "5.00"
  }
},
{
  "model": "erp.tariff",
  "pk": 315,
  "fields": {
    "city": 54,
    "minimum_weight": "8.00",
    "maximum_weight": "11.00",
    "price": "8.00"
  }
},
{
  "model": "erp.tariff",
  "pk": 316,
  "fields": {
    "city": 53,
    "minimum_weight": "1.00",
    "maximum_weight": "3.00",
    "price": "2.00"
  }
},
{
  "model": "erp.tariff",
  "pk": 317,
  "fields": {
    "city": 53,
    "minimum_weight": "4.00",
    "maximum_weight": "7.00",
    "price": "6.00"
  }
},
{
  "model": "erp.tariff",
  "pk": 318,
  "fields": {
    "city": 53,
    "minimum_weight": "8.00",
    "maximum_weight": "11.00",
    "price": "11.00"
  }
},
{
  "model": "erp.tariff",
  "pk": 319,
  "fields": {
    "city": 52,
    "minimum_weight": "1.00",
    "maximum_weight": "3.00",
    "price": "2.00"
  }
},
{
  "model": "erp.tariff",
  "pk": 320,
  "fields": {
    "city": 52,
    "minimum_weight": "4.00",
    "maximum_weight": "7.00",
    "price": "5.00"
  }
},
{
  "model": "erp.tariff",
  "pk": 321,
  "fields": {
    "city": 52,
    "minimum_weight": "8.00",
    "maximum_weight": "11.00",
    "price": "9.00"
  }
},
{
  "model": "erp.tariff",
  "pk": 322,
  "fields": {
    "city": 51,
    "minimum_weight": "1.00",
    "maximum_weight": "3.00",
    "price": "1.00"
  }
},
{
  "model": "erp.tariff",
  "pk": 323,
  "fields": {
    "city": 51,
    "minimum_weight": "4.00",
    "maximum_weight": "7.00",
    "price": "6.00"
  }
},
{
  "model": "erp.tariff",
  "pk": 324,
  "fields": {
    "city": 51,
    "minimum_weight": "8.00",
    "maximum_weight": "11.00",
    "price": "11.00"
  }
},
{
  "model": "erp.tariff",
  "pk": 325,
  "fields": {
    "city": 50,
    "minimum_weight": "1.00",
    "maximum_weight": "3.00",
    "price": "3.00"
  }
},
{
  "model": "erp.tariff",
  "pk": 326,
  "fields": {
    "city": 50,
    "minimum_weight": "4.00",
    "maximum_weight": "7.00",
    "price": "5.00"
  }
},
{
  "model": "erp.tariff",
  "pk": 327,
  "fields": {
    "city": 50,
    "minimum_weight": "8.00",
    "maximum_weight": "11.00",
    "price": "8.00"
  }
},
{
  "model": "erp.tariff",
  "pk": 328,
  "fields": {
    "city": 49,
    "minimum_weight": "1.00",
    "maximum_weight": "3.00",
    "price": "1.00"
  }
},
{
  "model": "erp.tariff",
  "pk": 329,
  "fields": {
    "city": 49,
    "minimum_weight": "4.00",
    "maximum_weight": "7.00",
    "price": "5.00"
  }
},
{
  "model": "erp.tariff",
  "pk": 330,
  "fields": {
    "city": 49,
    "minimum_weight": "8.00",
    "maximum_weight": "11.00",
    "price": "11.00"
  }
},
{
  "model": "erp.tariff",
  "pk": 331,
  "fields": {
    "city": 48,
    "minimum_weight": "1.00",
    "maximum_weight": "3.00",
    "price": "1.00"
  }
},
{
  "model": "erp.tariff",
  "pk": 332,
  "fields": {
    "city": 48,
    "minimum_weight": "4.00",
    "maximum_weight": "7.00",
    "price": "6.00"
  }
},
{
  "model": "erp.tariff",
  "pk": 333,
  "fields": {
    "city": 48,
    "minimum_weight": "8.00",
    "maximum_weight": "11.00",
    "price": "8.00"
  }
},
{
  "model": "erp.tariff",
  "pk": 334,
  "fields": {
    "city": 47,
    "minimum_weight": "1.00",
    "maximum_weight": "3.00",
    "price": "1.00"
  }
},
{
  "model": "erp.tariff",
  "pk": 335,
  "fields": {
    "city": 47,
    "minimum_weight": "4.00",
    "maximum_weight": "7.00",
    "price": "5.00"
  }
},
{
  "model": "erp.tariff",
  "pk": 336,
  "fields": {
    "city": 47,
    "minimum_weight": "8.00",
    "maximum_weight": "11.00",
    "price": "10.00"
  }
},
{
  "model": "erp.tariff",
  "pk": 337,
  "fields": {
    "city": 46,
    "minimum_weight": "1.00",
    "maximum_weight": "3.00",
    "price": "1.00"
  }
},
{
  "model": "erp.tariff",
  "pk": 338,
  "fields": {
    "city": 46,
    "minimum_weight": "4.00",
    "maximum_weight": "7.00",
    "price": "5.00"
  }
},
{
  "model": "erp.tariff",
  "pk": 339,
  "fields": {
    "city": 46,
    "minimum_weight": "8.00",
    "maximum_weight": "11.00",
    "price": "10.00"
  }
},
{
  "model": "erp.tariff",
  "pk": 340,
  "fields": {
    "city": 45,
    "minimum_weight": "1.00",
    "maximum_weight": "3.00",
    "price": "1.00"
  }
},
{
  "model": "erp.tariff",
  "pk": 341,
  "fields": {
    "city": 45,
    "minimum_weight": "4.00",
    "maximum_weight": "7.00",
    "price": "7.00"
  }
},
{
  "model": "erp.tariff",
  "pk": 342,
  "fields": {
    "city": 45,
    "minimum_weight": "8.00",
    "maximum_weight": "11.00",
    "price": "8.00"
  }
},
{
  "model": "erp.tariff",
  "pk": 343,
  "fields": {
    "city": 44,
    "minimum_weight": "1.00",
    "maximum_weight": "3.00",
    "price": "1.00"
  }
},
{
  "model": "erp.tariff",
  "pk": 344,
  "fields": {
    "city": 44,
    "minimum_weight": "4.00",
    "maximum_weight": "7.00",
    "price": "6.00"
  }
},
{
  "model": "erp.tariff",
  "pk": 345,
  "fields": {
    "city": 44,
    "minimum_weight": "8.00",
    "maximum_weight": "11.00",
    "price": "11.00"
  }
},
{
  "model": "erp.tariff",
  "pk": 346,
  "fields": {
    "city": 43,
    "minimum_weight": "1.00",
    "maximum_weight": "3.00",
    "price": "3.00"
  }
},
{
  "model": "erp.tariff",
  "pk": 347,
  "fields": {
    "city": 43,
    "minimum_weight": "4.00",
    "maximum_weight": "7.00",
    "price": "5.00"
  }
},
{
  "model": "erp.tariff",
  "pk": 348,
  "fields": {
    "city": 43,
    "minimum_weight": "8.00",
    "maximum_weight": "11.00",
    "price": "10.00"
  }
},
{
  "model": "erp.tariff",
  "pk": 349,
  "fields": {
    "city": 42,
    "minimum_weight": "1.00",
    "maximum_weight": "3.00",
    "price": "1.00"
  }
},
{
  "model": "erp.tariff",
  "pk": 350,
  "fields": {
    "city": 42,
    "minimum_weight": "4.00",
    "maximum_weight": "7.00",
    "price": "7.00"
  }
},
{
  "model": "erp.tariff",
  "pk": 351,
  "fields": {
    "city": 42,
    "minimum_weight": "8.00",
    "maximum_weight": "11.00",
    "price": "8.00"
  }
},
{
  "model": "erp.tariff",
  "pk": 352,
  "fields": {
    "city": 41,
    "minimum_weight": "1.00",
    "maximum_weight": "3.00",
    "price": "1.00"
  }
},
{
  "model": "erp.tariff",
  "pk": 353,
  "fields": {
    "city": 41,
    "minimum_weight": "4.00",
    "maximum_weight": "7.00",
    "price": "7.00"
  }
},
{
  "model": "erp.tariff",
  "pk": 354,
  "fields": {
    "city": 41,
    "minimum_weight": "8.00",
    "maximum_weight": "11.00",
    "price": "10.00"
  }
},
{
  "model": "erp.tariff",
  "pk": 355,
  "fields": {
    "city": 40,
    "minimum_weight": "1.00",
    "maximum_weight": "3.00",
    "price": "3.00"
  }
},
{
  "model": "erp.tariff",
  "pk": 356,
  "fields": {
    "city": 40,
    "minimum_weight": "4.00",
    "maximum_weight": "7.00",
    "price": "5.00"
  }
},
{
  "model": "erp.tariff",
  "pk": 357,
  "fields": {
    "city": 40,
    "minimum_weight": "8.00",
    "maximum_weight": "11.00",
    "price": "11.00"
  }
},
{
  "model": "erp.tariff",
  "pk": 358,
  "fields": {
    "city": 39,
    "minimum_weight": "1.00",
    "maximum_weight": "3.00",
    "price": "3.00"
  }
},
{
  "model": "erp.tariff",
  "pk": 359,
  "fields": {
    "city": 39,
    "minimum_weight": "4.00",
    "maximum_weight": "7.00",
    "price": "7.00"
  }
},
{
  "model": "erp.tariff",
  "pk": 360,
  "fields": {
    "city": 39,
    "minimum_weight": "8.00",
    "maximum_weight": "11.00",
    "price": "10.00"
  }
},
{
  "model": "erp.tariff",
  "pk": 361,
  "fields": {
    "city": 38,
    "minimum_weight": "1.00",
    "maximum_weight": "3.00",
    "price": "2.00"
  }
},
{
  "model": "erp.tariff",
  "pk": 362,
  "fields": {
    "city": 38,
    "minimum_weight": "4.00",
    "maximum_weight": "7.00",
    "price": "5.00"
  }
},
{
  "model": "erp.tariff",
  "pk": 363,
  "fields": {
    "city": 38,
    "minimum_weight": "8.00",
    "maximum_weight": "11.00",
    "price": "10.00"
  }
},
{
  "model": "erp.tariff",
  "pk": 364,
  "fields": {
    "city": 37,
    "minimum_weight": "1.00",
    "maximum_weight": "3.00",
    "price": "3.00"
  }
},
{
  "model": "erp.tariff",
  "pk": 365,
  "fields": {
    "city": 37,
    "minimum_weight": "4.00",
    "maximum_weight": "7.00",
    "price": "5.00"
  }
},
{
  "model": "erp.tariff",
  "pk": 366,
  "fields": {
    "city": 37,
    "minimum_weight": "8.00",
    "maximum_weight": "11.00",
    "price": "11.00"
  }
},
{
  "model": "erp.tariff",
  "pk": 367,
  "fields": {
    "city": 36,
    "minimum_weight": "1.00",
    "maximum_weight": "3.00",
    "price": "1.00"
  }
},
{
  "model": "erp.tariff",
  "pk": 368,
  "fields": {
    "city": 36,
    "minimum_weight": "4.00",
    "maximum_weight": "7.00",
    "price": "5.00"
  }
},
{
  "model": "erp.tariff",
  "pk": 369,
  "fields": {
    "city": 36,
    "minimum_weight": "8.00",
    "maximum_weight": "11.00",
    "price": "8.00"
  }
},
{
  "model": "erp.tariff",
  "pk": 370,
  "fields": {
    "city": 35,
    "minimum_weight": "1.00",
    "maximum_weight": "3.00",
    "price": "3.00"
  }
},
{
  "model": "erp.tariff",
  "pk": 371,
  "fields": {
    "city": 35,
    "minimum_weight": "4.00",
    "maximum_weight": "7.00",
    "price": "7.00"
  }
},
{
  "model": "erp.tariff",
  "pk": 372,
  "fields": {
    "city": 35,
    "minimum_weight": "8.00",
    "maximum_weight": "11.00",
    "price": "8.00"
  }
},
{
  "model": "erp.tariff",
  "pk": 373,
  "fields": {
    "city": 34,
    "minimum_weight": "1.00",
    "maximum_weight": "3.00",
    "price": "3.00"
  }
},
{
  "model": "erp.tariff",
  "pk": 374,
  "fields": {
    "city": 34,
    "minimum_weight": "4.00",
    "maximum_weight": "7.00",
    "price": "7.00"
  }
},
{
  "model": "erp.tariff",
  "pk": 375,
  "fields": {
    "city": 34,
    "minimum_weight": "8.00",
    "maximum_weight": "11.00",
    "price": "11.00"
  }
},
{
  "model": "erp.tariff",
  "pk": 376,
  "fields": {
    "city": 33,
    "minimum_weight": "1.00",
    "maximum_weight": "3.00",
    "price": "3.00"
  }
},
{
  "model": "erp.tariff",
  "pk": 377,
  "fields": {
    "city": 33,
    "minimum_weight": "4.00",
    "maximum_weight": "7.00",
    "price": "4.00"
  }
},
{
  "model": "erp.tariff",
  "pk": 378,
  "fields": {
    "city": 33,
    "minimum_weight": "8.00",
    "maximum_weight": "11.00",
    "price": "11.00"
  }
},
{
  "model": "erp.tariff",
  "pk": 379,
  "fields": {
    "city": 32,
    "minimum_weight": "1.00",
    "maximum_weight": "3.00",
    "price": "2.00"
  }
},
{
  "model": "erp.tariff",
  "pk": 380,
  "fields": {
    "city": 32,
    "minimum_weight": "4.00",
    "maximum_weight": "7.00",
    "price": "6.00"
  }
},
{
  "model": "erp.tariff",
  "pk": 381,
  "fields": {
    "city": 32,
    "minimum_weight": "8.00",
    "maximum_weight": "11.00",
    "price": "8.00"
  }
},
{
  "model": "erp.tariff",
  "pk": 382,
  "fields": {
    "city": 31,
    "minimum_weight": "1.00",
    "maximum_weight": "3.00",
    "price": "1.00"
  }
},
{
  "model": "erp.tariff",
  "pk": 383,
  "fields": {
    "city": 31,
    "minimum_weight": "4.00",
    "maximum_weight": "7.00",
    "price": "4.00"
  }
},
{
  "model": "erp.tariff",
  "pk": 384,
  "fields": {
    "city": 31,
    "minimum_weight": "8.00",
    "maximum_weight": "11.00",
    "price": "11.00"
  }
},
{
  "model": "erp.tariff",
  "pk": 385,
  "fields": {
    "city": 30,
    "minimum_weight": "1.00",
    "maximum_weight": "3.00",
    "price": "3.00"
  }
},
{
  "model": "erp.tariff",
  "pk": 386,
  "fields": {
    "city": 30,
    "minimum_weight": "4.00",
    "maximum_weight": "7.00",
    "price": "5.00"
  }
},
{
  "model": "erp.tariff",
  "pk": 387,
  "fields": {
    "city": 30,
    "minimum_weight": "8.00",
    "maximum_weight": "11.00",
    "price": "9.00"
  }
},
{
  "model": "erp.tariff",
  "pk": 388,
  "fields": {
    "city": 29,
    "minimum_weight": "1.00",
    "maximum_weight": "3.00",
    "price": "1.00"
  }
},
{
  "model": "erp.tariff",
  "pk": 389,
  "fields": {
    "city": 29,
    "minimum_weight": "4.00",
    "maximum_weight": "7.00",
    "price": "6.00"
  }
},
{
  "model": "erp.tariff",
  "pk": 390,
  "fields": {
    "city": 29,
    "minimum_weight": "8.00",
    "maximum_weight": "11.00",
    "price": "10.00"
  }
},
{
  "model": "erp.tariff",
  "pk": 391,
  "fields": {
    "city": 28,
    "minimum_weight": "1.00",
    "maximum_weight": "3.00",
    "price": "3.00"
  }
},
{
  "model": "erp.tariff",
  "pk": 392,
  "fields": {
    "city": 28,
    "minimum_weight": "4.00",
    "maximum_weight": "7.00",
    "price": "5.00"
  }
},
{
  "model": "erp.tariff",
  "pk": 393,
  "fields": {
    "city": 28,
    "minimum_weight": "8.00",
    "maximum_weight": "11.00",
    "price": "10.00"
  }
},
{
  "model": "erp.tariff",
  "pk": 394,
  "fields": {
    "city": 27,
    "minimum_weight": "1.00",
    "maximum_weight": "3.00",
    "price": "1.00"
  }
},
{
  "model": "erp.tariff",
  "pk": 395,
  "fields": {
    "city": 27,
    "minimum_weight": "4.00",
    "maximum_weight": "7.00",
    "price": "5.00"
  }
},
{
  "model": "erp.tariff",
  "pk": 396,
  "fields": {
    "city": 27,
    "minimum_weight": "8.00",
    "maximum_weight": "11.00",
    "price": "8.00"
  }
},
{
  "model": "erp.tariff",
  "pk": 397,
  "fields": {
    "city": 26,
    "minimum_weight": "1.00",
    "maximum_weight": "3.00",
    "price": "3.00"
  }
},
{
  "model": "erp.tariff",
  "pk": 398,
  "fields": {
    "city": 26,
    "minimum_weight": "4.00",
    "maximum_weight": "7.00",
    "price": "6.00"
  }
},
{
  "model": "erp.tariff",
  "pk": 399,
  "fields": {
    "city": 26,
    "minimum_weight": "8.00",
    "maximum_weight": "11.00",
    "price": "9.00"
  }
},
{
  "model": "erp.tariff",
  "pk": 400,
  "fields": {
    "city": 25,
    "minimum_weight": "1.00",
    "maximum_weight": "3.00",
    "price": "1.00"
  }
},
{
  "model": "erp.tariff",
  "pk": 401,
  "fields": {
    "city": 25,
    "minimum_weight": "4.00",
    "maximum_weight": "7.00",
    "price": "7.00"
  }
},
{
  "model": "erp.tariff",
  "pk": 402,
  "fields": {
    "city": 25,
    "minimum_weight": "8.00",
    "maximum_weight": "11.00",
    "price": "11.00"
  }
},
{
  "model": "erp.tariff",
  "pk": 403,
  "fields": {
    "city": 24,
    "minimum_weight": "1.00",
    "maximum_weight": "3.00",
    "price": "2.00"
  }
},
{
  "model": "erp.tariff",
  "pk": 404,
  "fields": {
    "city": 24,
    "minimum_weight": "4.00",
    "maximum_weight": "7.00",
    "price": "7.00"
  }
},
{
  "model": "erp.tariff",
  "pk": 405,
  "fields": {
    "city": 24,
    "minimum_weight": "8.00",
    "maximum_weight": "11.00",
    "price": "11.00"
  }
},
{
  "model": "erp.tariff",
  "pk": 406,
  "fields": {
    "city": 23,
    "minimum_weight": "1.00",
    "maximum_weight": "3.00",
    "price": "2.00"
  }
},
{
  "model": "erp.tariff",
  "pk": 407,
  "fields": {
    "city": 23,
    "minimum_weight": "4.00",
    "maximum_weight": "7.00",
    "price": "7.00"
  }
},
{
  "model": "erp.tariff",
  "pk": 408,
  "fields": {
    "city": 23,
    "minimum_weight": "8.00",
    "maximum_weight": "11.00",
    "price": "11.00"
  }
},
{
  "model": "erp.tariff",
  "pk": 409,
  "fields": {
    "city": 22,
    "minimum_weight": "1.00",
    "maximum_weight": "3.00",
    "price": "1.00"
  }
},
{
  "model": "erp.tariff",
  "pk": 410,
  "fields": {
    "city": 22,
    "minimum_weight": "4.00",
    "maximum_weight": "7.00",
    "price": "4.00"
  }
},
{
  "model": "erp.tariff",
  "pk": 411,
  "fields": {
    "city": 22,
    "minimum_weight": "8.00",
    "maximum_weight": "11.00",
    "price": "8.00"
  }
},
{
  "model": "erp.tariff",
  "pk": 412,
  "fields": {
    "city": 21,
    "minimum_weight": "1.00",
    "maximum_weight": "3.00",
    "price": "3.00"
  }
},
{
  "model": "erp.tariff",
  "pk": 413,
  "fields": {
    "city": 21,
    "minimum_weight": "4.00",
    "maximum_weight": "7.00",
    "price": "4.00"
  }
},
{
  "model": "erp.tariff",
  "pk": 414,
  "fields": {
    "city": 21,
    "minimum_weight": "8.00",
    "maximum_weight": "11.00",
    "price": "9.00"
  }
},
{
  "model": "erp.tariff",
  "pk": 415,
  "fields": {
    "city": 20,
    "minimum_weight": "1.00",
    "maximum_weight": "3.00",
    "price": "2.00"
  }
},
{
  "model": "erp.tariff",
  "pk": 416,
  "fields": {
    "city": 20,
    "minimum_weight": "4.00",
    "maximum_weight": "7.00",
    "price": "5.00"
  }
},
{
  "model": "erp.tariff",
  "pk": 417,
  "fields": {
    "city": 20,
    "minimum_weight": "8.00",
    "maximum_weight": "11.00",
    "price": "10.00"
  }
},
{
  "model": "erp.tariff",
  "pk": 418,
  "fields": {
    "city": 19,
    "minimum_weight": "1.00",
    "maximum_weight": "3.00",
    "price": "1.00"
  }
},
{
  "model": "erp.tariff",
  "pk": 419,
  "fields": {
    "city": 19,
    "minimum_weight": "4.00",
    "maximum_weight": "7.00",
    "price": "6.00"
  }
},
{
  "model": "erp.tariff",
  "pk": 420,
  "fields": {
    "city": 19,
    "minimum_weight": "8.00",
    "maximum_weight": "11.00",
    "price": "10.00"
  }
},
{
  "model": "erp.tariff",
  "pk": 421,
  "fields": {
    "city": 18,
    "minimum_weight": "1.00",
    "maximum_weight": "3.00",
    "price": "2.00"
  }
},
{
  "model": "erp.tariff",
  "pk": 422,
  "fields": {
    "city": 18,
    "minimum_weight": "4.00",
    "maximum_weight": "7.00",
    "price": "4.00"
  }
},
{
  "model": "erp.tariff",
  "pk": 423,
  "fields": {
    "city": 18,
    "minimum_weight": "8.00",
    "maximum_weight": "11.00",
    "price": "11.00"
  }
},
{
  "model": "erp.tariff",
  "pk": 424,
  "fields": {
    "city": 17,
    "minimum_weight": "1.00",
    "maximum_weight": "3.00",
    "price": "1.00"
  }
},
{
  "model": "erp.tariff",
  "pk": 425,
  "fields": {
    "city": 17,
    "minimum_weight": "4.00",
    "maximum_weight": "7.00",
    "price": "5.00"
  }
},
{
  "model": "erp.tariff",
  "pk": 426,
  "fields": {
    "city": 17,
    "minimum_weight": "8.00",
    "maximum_weight": "11.00",
    "price": "10.00"
  }
},
{
  "model": "erp.tariff",
  "pk": 427,
  "fields": {
    "city": 16,
    "minimum_weight": "1.00",
    "maximum_weight": "3.00",
    "price": "3.00"
  }
},
{
  "model": "erp.tariff",
  "pk": 428,
  "fields": {
    "city": 16,
    "minimum_weight": "4.00",
    "maximum_weight": "7.00",
    "price": "6.00"
  }
},
{
  "model": "erp.tariff",
  "pk": 429,
  "fields": {
    "city": 16,
    "minimum_weight": "8.00",
    "maximum_weight": "11.00",
    "price": "11.00"
  }
},
{
  "model": "erp.tariff",
  "pk": 430,
  "fields": {
    "city": 15,
    "minimum_weight": "1.00",
    "maximum_weight": "3.00",
    "price": "3.00"
  }
},
{
  "model": "erp.tariff",
  "pk": 431,
  "fields": {
    "city": 15,
    "minimum_weight": "4.00",
    "maximum_weight": "7.00",
    "price": "7.00"
  }
},
{
  "model": "erp.tariff",
  "pk": 432,
  "fields": {
    "city": 15,
    "minimum_weight": "8.00",
    "maximum_weight": "11.00",
    "price": "11.00"
  }
},
{
  "model": "erp.tariff",
  "pk": 433,
  "fields": {
    "city": 14,
    "minimum_weight": "1.00",
    "maximum_weight": "3.00",
    "price": "1.00"
  }
},
{
  "model": "erp.tariff",
  "pk": 434,
  "fields": {
    "city": 14,
    "minimum_weight": "4.00",
    "maximum_weight": "7.00",
    "price": "7.00"
  }
},
{
  "model": "erp.tariff",
  "pk": 435,
  "fields": {
    "city": 14,
    "minimum_weight": "8.00",
    "maximum_weight": "11.00",
    "price": "9.00"
  }
},
{
  "model": "erp.tariff",
  "pk": 436,
  "fields": {
    "city": 13,
    "minimum_weight": "1.00",
    "maximum_weight": "3.00",
    "price": "2.00"
  }
},
{
  "model": "erp.tariff",
  "pk": 437,
  "fields": {
    "city": 13,
    "minimum_weight": "4.00",
    "maximum_weight": "7.00",
    "price": "7.00"
  }
},
{
  "model": "erp.tariff",
  "pk": 438,
  "fields": {
    "city": 13,
    "minimum_weight": "8.00",
    "maximum_weight": "11.00",
    "price": "11.00"
  }
},
{
  "model": "erp.tariff",
  "pk": 439,
  "fields": {
    "city": 12,
    "minimum_weight": "1.00",
    "maximum_weight": "3.00",
    "price": "2.00"
  }
},
{
  "model": "erp.tariff",
  "pk": 440,
  "fields": {
    "city": 12,
    "minimum_weight": "4.00",
    "maximum_weight": "7.00",
    "price": "5.00"
  }
},
{
  "model": "erp.tariff",
  "pk": 441,
  "fields": {
    "city": 12,
    "minimum_weight": "8.00",
    "maximum_weight": "11.00",
    "price": "10.00"
  }
},
{
  "model": "erp.tariff",
  "pk": 442,
  "fields": {
    "city": 11,
    "minimum_weight": "1.00",
    "maximum_weight": "3.00",
    "price": "1.00"
  }
},
{
  "model": "erp.tariff",
  "pk": 443,
  "fields": {
    "city": 11,
    "minimum_weight": "4.00",
    "maximum_weight": "7.00",
    "price": "7.00"
  }
},
{
  "model": "erp.tariff",
  "pk": 444,
  "fields": {
    "city": 11,
    "minimum_weight": "8.00",
    "maximum_weight": "11.00",
    "price": "9.00"
  }
},
{
  "model": "erp.tariff",
  "pk": 445,
  "fields": {
    "city": 10,
    "minimum_weight": "1.00",
    "maximum_weight": "3.00",
    "price": "2.00"
  }
},
{
  "model": "erp.tariff",
  "pk": 446,
  "fields": {
    "city": 10,
    "minimum_weight": "4.00",
    "maximum_weight": "7.00",
    "price": "5.00"
  }
},
{
  "model": "erp.tariff",
  "pk": 447,
  "fields": {
    "city": 10,
    "minimum_weight": "8.00",
    "maximum_weight": "11.00",
    "price": "10.00"
  }
},
{
  "model": "erp.tariff",
  "pk": 448,
  "fields": {
    "city": 9,
    "minimum_weight": "1.00",
    "maximum_weight": "3.00",
    "price": "2.00"
  }
},
{
  "model": "erp.tariff",
  "pk": 449,
  "fields": {
    "city": 9,
    "minimum_weight": "4.00",
    "maximum_weight": "7.00",
    "price": "5.00"
  }
},
{
  "model": "erp.tariff",
  "pk": 450,
  "fields": {
    "city": 9,
    "minimum_weight": "8.00",
    "maximum_weight": "11.00",
    "price": "10.00"
  }
},
{
  "model": "erp.tariff",
  "pk": 451,
  "fields": {
    "city": 8,
    "minimum_weight": "1.00",
    "maximum_weight": "3.00",
    "price": "3.00"
  }
},
{
  "model": "erp.tariff",
  "pk": 452,
  "fields": {
    "city": 8,
    "minimum_weight": "4.00",
    "maximum_weight": "7.00",
    "price": "4.00"
  }
},
{
  "model": "erp.tariff",
  "pk": 453,
  "fields": {
    "city": 8,
    "minimum_weight": "8.00",
    "maximum_weight": "11.00",
    "price": "10.00"
  }
},
{
  "model": "erp.tariff",
  "pk": 454,
  "fields": {
    "city": 7,
    "minimum_weight": "1.00",
    "maximum_weight": "3.00",
    "price": "1.00"
  }
},
{
  "model": "erp.tariff",
  "pk": 455,
  "fields": {
    "city": 7,
    "minimum_weight": "4.00",
    "maximum_weight": "7.00",
    "price": "6.00"
  }
},
{
  "model": "erp.tariff",
  "pk": 456,
  "fields": {
    "city": 7,
    "minimum_weight": "8.00",
    "maximum_weight": "11.00",
    "price": "10.00"
  }
},
{
  "model": "erp.tariff",
  "pk": 457,
  "fields": {
    "city": 6,
    "minimum_weight": "1.00",
    "maximum_weight": "3.00",
    "price": "2.00"
  }
},
{
  "model": "erp.tariff",
  "pk": 458,
  "fields": {
    "city": 6,
    "minimum_weight": "4.00",
    "maximum_weight": "7.00",
    "price": "5.00"
  }
},
{
  "model": "erp.tariff",
  "pk": 459,
  "fields": {
    "city": 6,
    "minimum_weight": "8.00",
    "maximum_weight": "11.00",
    "price": "8.00"
  }
},
{
  "model": "erp.tariff",
  "pk": 460,
  "fields": {
    "city": 5,
    "minimum_weight": "1.00",
    "maximum_weight": "3.00",
    "price": "2.00"
  }
},
{
  "model": "erp.tariff",
  "pk": 461,
  "fields": {
    "city": 5,
    "minimum_weight": "4.00",
    "maximum_weight": "7.00",
    "price": "5.00"
  }
},
{
  "model": "erp.tariff",
  "pk": 462,
  "fields": {
    "city": 5,
    "minimum_weight": "8.00",
    "maximum_weight": "11.00",
    "price": "9.00"
  }
},
{
  "model": "erp.tariff",
  "pk": 463,
  "fields": {
    "city": 4,
    "minimum_weight": "1.00",
    "maximum_weight": "3.00",
    "price": "2.00"
  }
},
{
  "model": "erp.tariff",
  "pk": 464,
  "fields": {
    "city": 4,
    "minimum_weight": "4.00",
    "maximum_weight": "7.00",
    "price": "7.00"
  }
},
{
  "model": "erp.tariff",
  "pk": 465,
  "fields": {
    "city": 4,
    "minimum_weight": "8.00",
    "maximum_weight": "11.00",
    "price": "8.00"
  }
},
{
  "model": "erp.tariff",
  "pk": 466,
  "fields": {
    "city": 3,
    "minimum_weight": "1.00",
    "maximum_weight": "3.00",
    "price": "3.00"
  }
},
{
  "model": "erp.tariff",
  "pk": 467,
  "fields": {
    "city": 3,
    "minimum_weight": "4.00",
    "maximum_weight": "7.00",
    "price": "7.00"
  }
},
{
  "model": "erp.tariff",
  "pk": 468,
  "fields": {
    "city": 3,
    "minimum_weight": "8.00",
    "maximum_weight": "11.00",
    "price": "9.00"
  }
},
{
  "model": "erp.tariff",
  "pk": 469,
  "fields": {
    "city": 2,
    "minimum_weight": "1.00",
    "maximum_weight": "3.00",
    "price": "3.00"
  }
},
{
  "model": "erp.tariff",
  "pk": 470,
  "fields": {
    "city": 2,
    "minimum_weight": "4.00",
    "maximum_weight": "7.00",
    "price": "6.00"
  }
},
{
  "model": "erp.tariff",
  "pk": 471,
  "fields": {
    "city": 2,
    "minimum_weight": "8.00",
    "maximum_weight": "11.00",
    "price": "10.00"
  }
},
{
  "model": "erp.tariff",
  "pk": 472,
  "fields": {
    "city": 1,
    "minimum_weight": "1.00",
    "maximum_weight": "3.00",
    "price": "1.00"
  }
},
{
  "model": "erp.tariff",
  "pk": 473,
  "fields": {
    "city": 1,
    "minimum_weight": "4.00",
    "maximum_weight": "7.00",
    "price": "6.00"
  }
},
{
  "model": "erp.tariff",
  "pk": 474,
  "fields": {
    "city": 1,
    "minimum_weight": "8.00",
    "maximum_weight": "11.00",
    "price": "10.00"
  }
},
{
  "model": "erp.tariff",
  "pk": 475,
  "fields": {
    "city": 159,
    "minimum_weight": "1.00",
    "maximum_weight": "3.00",
    "price": "2.50"
  }
},
{
  "model": "erp.tariff",
  "pk": 476,
  "fields": {
    "city": 159,
    "minimum_weight": "0.01",
    "maximum_weight": "0.01",
    "price": "0.01"
  }
},
{
  "model": "erp.condition",
  "pk": 1,
  "fields": {
    "name": "FRAGIL"
  }
},
{
  "model": "erp.condition",
  "pk": 2,
  "fields": {
    "name": "BLANDO"
  }
},
{
  "model": "erp.condition",
  "pk": 3,
  "fields": {
    "name": "RESISTENTE"
  }
},
{
  "model": "erp.client",
  "pk": 1,
  "fields": {
    "names": "Luis Yaguar",
    "dni": "0929246429",
    "mobile": "0980386164",
    "email": "luis_el_chino97@hotmail.com",
    "address": "Duran",
    "state": true
  }
},
{
  "model": "erp.client",
  "pk": 2,
  "fields": {
    "names": "Nuvia Beltrán",
    "dni": "0925818577",
    "mobile": "0980712913",
    "email": "nbeltran@uagraria.edu.ec",
    "address": "Milagro",
    "state": true
  }
},
{
  "model": "erp.headings",
  "pk": 1,
  "fields": {
    "name": "HORAS EXTRAS",
    "type": "ingress",
    "calculation_method": "amount",
    "percent": "10.00",
    "valor": 10.0,
    "state": true
  }
},
{
  "model": "erp.headings",
  "pk": 2,
  "fields": {
    "name": "ATRASOS",
    "type": "ingress",
    "calculation_method": "amount",
    "percent": "1.00",
    "valor": 0.01,
    "state": true
  }
},
{
  "model": "erp.headings",
  "pk": 3,
  "fields": {
    "name": "SOBRECARGA NOCTURNA",
    "type": "ingress",
    "calculation_method": "amount",
    "percent": "35.05",
    "valor": 0.3505,
    "state": true
  }
},
{
  "model": "erp.headings",
  "pk": 4,
  "fields": {
    "name": "EXTENDIDOS",
    "type": "ingress",
    "calculation_method": "amount",
    "percent": "24.98",
    "valor": 0.2498,
    "state": true
  }
},
{
  "model": "erp.headings",
  "pk": 5,
  "fields": {
    "name": "APORTE PERSONAL IESS",
    "type": "egress",
    "calculation_method": "salary",
    "percent": "9.45",
    "valor": 0.0945,
    "state": true
  }
},
{
  "model": "erp.headings",
  "pk": 6,
  "fields": {
    "name": "ALIMENTACIÓN",
    "type": "egress",
    "calculation_method": "value",
    "percent": "2.50",
    "valor": 2.5,
    "state": true
  }
},
{
  "model": "erp.employee",
  "pk": 1,
  "fields": {
    "date_joined": "2022-06-12",
    "names": "Luis Galarza",
    "dni": "0929246429",
    "mobile": "0980386165",
    "email": "luis_el_chino97@hotmail.com",
    "address": "duran",
    "rmu": "420.00",
    "state": true,
    "headings": [
      5,
      4,
      3,
      1
    ]
  }
},
{
  "model": "erp.employee",
  "pk": 2,
  "fields": {
    "date_joined": "2022-06-13",
    "names": "Daniela Ibarra",
    "dni": "0924880842",
    "mobile": "0934566777",
    "email": "daniela1998@hotmail.es",
    "address": "Milagro",
    "rmu": "420.00",
    "state": true,
    "headings": [
      5,
      4,
      1
    ]
  }
},
{
  "model": "erp.employee",
  "pk": 3,
  "fields": {
    "date_joined": "2022-07-18",
    "names": "NUVIA BELTRAN",
    "dni": "1203624505",
    "mobile": "0978545621",
    "email": "ABC_@HOTMAIL.COM",
    "address": "09542321548",
    "rmu": "422.59",
    "state": true,
    "headings": [
      5,
      3
    ]
  }
},
{
  "model": "erp.assistance",
  "pk": 1,
  "fields": {
    "date_joined": "2022-06-11",
    "employee": 1,
    "details": "s/n",
    "state": true
  }
},
{
  "model": "erp.assistance",
  "pk": 2,
  "fields": {
    "date_joined": "2022-06-13",
    "employee": 2,
    "details": "s/n",
    "state": true
  }
},
{
  "model": "erp.assistance",
  "pk": 3,
  "fields": {
    "date_joined": "2022-06-13",
    "employee": 1,
    "details": "s/n",
    "state": true
  }
},
{
  "model": "erp.assistance",
  "pk": 4,
  "fields": {
    "date_joined": "2022-06-14",
    "employee": 2,
    "details": "s/n",
    "state": true
  }
},
{
  "model": "erp.assistance",
  "pk": 5,
  "fields": {
    "date_joined": "2022-06-14",
    "employee": 1,
    "details": "s/n",
    "state": true
  }
},
{
  "model": "erp.assistance",
  "pk": 6,
  "fields": {
    "date_joined": "2022-07-14",
    "employee": 2,
    "details": "s/n",
    "state": true
  }
},
{
  "model": "erp.assistance",
  "pk": 7,
  "fields": {
    "date_joined": "2022-07-14",
    "employee": 1,
    "details": "s/n",
    "state": true
  }
},
{
  "model": "erp.assistance",
  "pk": 8,
  "fields": {
    "date_joined": "2022-07-13",
    "employee": 3,
    "details": "s/n",
    "state": false
  }
},
{
  "model": "erp.assistance",
  "pk": 9,
  "fields": {
    "date_joined": "2022-07-13",
    "employee": 2,
    "details": "s/n",
    "state": false
  }
},
{
  "model": "erp.assistance",
  "pk": 10,
  "fields": {
    "date_joined": "2022-07-13",
    "employee": 1,
    "details": "s/n",
    "state": false
  }
},
{
  "model": "erp.assistance",
  "pk": 11,
  "fields": {
    "date_joined": "2022-07-18",
    "employee": 3,
    "details": "s/n",
    "state": true
  }
},
{
  "model": "erp.assistance",
  "pk": 12,
  "fields": {
    "date_joined": "2022-07-18",
    "employee": 2,
    "details": "s/n",
    "state": true
  }
},
{
  "model": "erp.assistance",
  "pk": 13,
  "fields": {
    "date_joined": "2022-07-18",
    "employee": 1,
    "details": "s/n",
    "state": true
  }
},
{
  "model": "erp.assistance",
  "pk": 14,
  "fields": {
    "date_joined": "2022-07-15",
    "employee": 3,
    "details": "s/n",
    "state": false
  }
},
{
  "model": "erp.assistance",
  "pk": 15,
  "fields": {
    "date_joined": "2022-07-15",
    "employee": 2,
    "details": "s/n",
    "state": false
  }
},
{
  "model": "erp.assistance",
  "pk": 16,
  "fields": {
    "date_joined": "2022-07-15",
    "employee": 1,
    "details": "s/n",
    "state": false
  }
},
{
  "model": "erp.assistance",
  "pk": 17,
  "fields": {
    "date_joined": "2022-07-23",
    "employee": 3,
    "details": "s/n",
    "state": true
  }
},
{
  "model": "erp.assistance",
  "pk": 18,
  "fields": {
    "date_joined": "2022-07-23",
    "employee": 2,
    "details": "s/n",
    "state": true
  }
},
{
  "model": "erp.assistance",
  "pk": 19,
  "fields": {
    "date_joined": "2022-07-23",
    "employee": 1,
    "details": "s/n",
    "state": true
  }
},
{
  "model": "erp.assistance",
  "pk": 20,
  "fields": {
    "date_joined": "2022-08-01",
    "employee": 3,
    "details": "s/n",
    "state": true
  }
},
{
  "model": "erp.assistance",
  "pk": 21,
  "fields": {
    "date_joined": "2022-08-01",
    "employee": 2,
    "details": "s/n",
    "state": true
  }
},
{
  "model": "erp.assistance",
  "pk": 22,
  "fields": {
    "date_joined": "2022-08-01",
    "employee": 1,
    "details": "s/n",
    "state": true
  }
},
{
  "model": "erp.assistance",
  "pk": 23,
  "fields": {
    "date_joined": "2022-08-03",
    "employee": 3,
    "details": "s/n",
    "state": true
  }
},
{
  "model": "erp.assistance",
  "pk": 24,
  "fields": {
    "date_joined": "2022-08-03",
    "employee": 2,
    "details": "s/n",
    "state": true
  }
},
{
  "model": "erp.assistance",
  "pk": 25,
  "fields": {
    "date_joined": "2022-08-03",
    "employee": 1,
    "details": "s/n",
    "state": true
  }
},
{
  "model": "erp.assistance",
  "pk": 26,
  "fields": {
    "date_joined": "2022-08-17",
    "employee": 3,
    "details": "Llego 5 minutos tarde",
    "state": true
  }
},
{
  "model": "erp.assistance",
  "pk": 27,
  "fields": {
    "date_joined": "2022-08-17",
    "employee": 2,
    "details": "s/n",
    "state": true
  }
},
{
  "model": "erp.assistance",
  "pk": 28,
  "fields": {
    "date_joined": "2022-08-17",
    "employee": 1,
    "details": "s/n",
    "state": true
  }
},
{
  "model": "erp.assistance",
  "pk": 29,
  "fields": {
    "date_joined": "2022-08-23",
    "employee": 3,
    "details": "s/n",
    "state": true
  }
},
{
  "model": "erp.assistance",
  "pk": 30,
  "fields": {
    "date_joined": "2022-08-23",
    "employee": 2,
    "details": "s/n",
    "state": true
  }
},
{
  "model": "erp.assistance",
  "pk": 31,
  "fields": {
    "date_joined": "2022-08-23",
    "employee": 1,
    "details": "s/n",
    "state": true
  }
},
{
  "model": "erp.salary",
  "pk": 1,
  "fields": {
    "date_joined": "2022-06-12",
    "employee": 1,
    "year": 2022,
    "month": 6,
    "days_work": 1,
    "salary_by_day": "17.50",
    "rmu_contract": "420.00",
    "rmu_month": "17.50",
    "ingress": "0.00",
    "egress": "0.00",
    "discounts": "0.00",
    "total": "17.50"
  }
},
{
  "model": "erp.salary",
  "pk": 5,
  "fields": {
    "date_joined": "2022-07-18",
    "employee": 3,
    "year": 2022,
    "month": 5,
    "days_work": 0,
    "salary_by_day": "17.61",
    "rmu_contract": "422.59",
    "rmu_month": "0.00",
    "ingress": "0.00",
    "egress": "0.00",
    "discounts": "0.00",
    "total": "0.00"
  }
},
{
  "model": "erp.salary",
  "pk": 6,
  "fields": {
    "date_joined": "2022-07-18",
    "employee": 2,
    "year": 2022,
    "month": 5,
    "days_work": 0,
    "salary_by_day": "17.50",
    "rmu_contract": "420.00",
    "rmu_month": "0.00",
    "ingress": "0.00",
    "egress": "0.00",
    "discounts": "0.00",
    "total": "0.00"
  }
},
{
  "model": "erp.salary",
  "pk": 7,
  "fields": {
    "date_joined": "2022-07-18",
    "employee": 1,
    "year": 2022,
    "month": 5,
    "days_work": 0,
    "salary_by_day": "17.50",
    "rmu_contract": "420.00",
    "rmu_month": "0.00",
    "ingress": "0.00",
    "egress": "0.00",
    "discounts": "0.00",
    "total": "0.00"
  }
},
{
  "model": "erp.salary",
  "pk": 50,
  "fields": {
    "date_joined": "2022-08-01",
    "employee": 2,
    "year": 2022,
    "month": 8,
    "days_work": 0,
    "salary_by_day": "17.50",
    "rmu_contract": "420.00",
    "rmu_month": "0.00",
    "ingress": "0.00",
    "egress": "0.00",
    "discounts": "0.00",
    "total": "0.00"
  }
},
{
  "model": "erp.salary",
  "pk": 51,
  "fields": {
    "date_joined": "2022-08-01",
    "employee": 1,
    "year": 2022,
    "month": 8,
    "days_work": 0,
    "salary_by_day": "17.50",
    "rmu_contract": "420.00",
    "rmu_month": "0.00",
    "ingress": "0.00",
    "egress": "0.00",
    "discounts": "0.00",
    "total": "0.00"
  }
},
{
  "model": "erp.salary",
  "pk": 52,
  "fields": {
    "date_joined": "2022-08-01",
    "employee": 3,
    "year": 2022,
    "month": 8,
    "days_work": 0,
    "salary_by_day": "17.61",
    "rmu_contract": "422.59",
    "rmu_month": "0.00",
    "ingress": "0.00",
    "egress": "0.00",
    "discounts": "0.00",
    "total": "0.00"
  }
},
{
  "model": "erp.salary",
  "pk": 56,
  "fields": {
    "date_joined": "2022-08-01",
    "employee": 2,
    "year": 2022,
    "month": 7,
    "days_work": 3,
    "salary_by_day": "17.50",
    "rmu_contract": "420.00",
    "rmu_month": "52.50",
    "ingress": "30.00",
    "egress": "4.96",
    "discounts": "0.00",
    "total": "77.54"
  }
},
{
  "model": "erp.salary",
  "pk": 57,
  "fields": {
    "date_joined": "2022-08-01",
    "employee": 1,
    "year": 2022,
    "month": 7,
    "days_work": 3,
    "salary_by_day": "17.50",
    "rmu_contract": "420.00",
    "rmu_month": "52.50",
    "ingress": "0.00",
    "egress": "4.96",
    "discounts": "0.00",
    "total": "47.54"
  }
},
{
  "model": "erp.salary",
  "pk": 58,
  "fields": {
    "date_joined": "2022-08-01",
    "employee": 3,
    "year": 2022,
    "month": 7,
    "days_work": 2,
    "salary_by_day": "17.61",
    "rmu_contract": "422.59",
    "rmu_month": "35.22",
    "ingress": "0.00",
    "egress": "3.33",
    "discounts": "0.00",
    "total": "31.89"
  }
},
{
  "model": "erp.salarydetail",
  "pk": 13,
  "fields": {
    "salary": 5,
    "headings": 2,
    "valor": 0.01,
    "total": "0.00"
  }
},
{
  "model": "erp.salarydetail",
  "pk": 14,
  "fields": {
    "salary": 5,
    "headings": 1,
    "valor": 0.2005,
    "total": "0.00"
  }
},
{
  "model": "erp.salarydetail",
  "pk": 15,
  "fields": {
    "salary": 5,
    "headings": 3,
    "valor": 0.3505,
    "total": "0.00"
  }
},
{
  "model": "erp.salarydetail",
  "pk": 16,
  "fields": {
    "salary": 5,
    "headings": 4,
    "valor": 0.2498,
    "total": "0.00"
  }
},
{
  "model": "erp.salarydetail",
  "pk": 17,
  "fields": {
    "salary": 6,
    "headings": 2,
    "valor": 0.01,
    "total": "0.00"
  }
},
{
  "model": "erp.salarydetail",
  "pk": 18,
  "fields": {
    "salary": 6,
    "headings": 1,
    "valor": 0.2005,
    "total": "0.00"
  }
},
{
  "model": "erp.salarydetail",
  "pk": 19,
  "fields": {
    "salary": 6,
    "headings": 3,
    "valor": 0.3505,
    "total": "0.00"
  }
},
{
  "model": "erp.salarydetail",
  "pk": 20,
  "fields": {
    "salary": 6,
    "headings": 4,
    "valor": 0.2498,
    "total": "0.00"
  }
},
{
  "model": "erp.salarydetail",
  "pk": 21,
  "fields": {
    "salary": 7,
    "headings": 2,
    "valor": 0.01,
    "total": "0.00"
  }
},
{
  "model": "erp.salarydetail",
  "pk": 22,
  "fields": {
    "salary": 7,
    "headings": 1,
    "valor": 0.2005,
    "total": "0.00"
  }
},
{
  "model": "erp.salarydetail",
  "pk": 23,
  "fields": {
    "salary": 7,
    "headings": 3,
    "valor": 0.3505,
    "total": "0.00"
  }
},
{
  "model": "erp.salarydetail",
  "pk": 24,
  "fields": {
    "salary": 7,
    "headings": 4,
    "valor": 0.2498,
    "total": "0.00"
  }
},
{
  "model": "erp.salarydetail",
  "pk": 180,
  "fields": {
    "salary": 50,
    "headings": 4,
    "valor": 0.0,
    "total": "0.00"
  }
},
{
  "model": "erp.salarydetail",
  "pk": 181,
  "fields": {
    "salary": 50,
    "headings": 1,
    "valor": 0.0,
    "total": "0.00"
  }
},
{
  "model": "erp.salarydetail",
  "pk": 182,
  "fields": {
    "salary": 50,
    "headings": 5,
    "valor": 0.0,
    "total": "0.00"
  }
},
{
  "model": "erp.salarydetail",
  "pk": 183,
  "fields": {
    "salary": 51,
    "headings": 4,
    "valor": 0.0,
    "total": "0.00"
  }
},
{
  "model": "erp.salarydetail",
  "pk": 184,
  "fields": {
    "salary": 51,
    "headings": 3,
    "valor": 0.0,
    "total": "0.00"
  }
},
{
  "model": "erp.salarydetail",
  "pk": 185,
  "fields": {
    "salary": 51,
    "headings": 1,
    "valor": 0.0,
    "total": "0.00"
  }
},
{
  "model": "erp.salarydetail",
  "pk": 186,
  "fields": {
    "salary": 51,
    "headings": 5,
    "valor": 0.0,
    "total": "0.00"
  }
},
{
  "model": "erp.salarydetail",
  "pk": 187,
  "fields": {
    "salary": 52,
    "headings": 3,
    "valor": 0.0,
    "total": "0.00"
  }
},
{
  "model": "erp.salarydetail",
  "pk": 188,
  "fields": {
    "salary": 52,
    "headings": 5,
    "valor": 0.0,
    "total": "0.00"
  }
},
{
  "model": "erp.salarydetail",
  "pk": 198,
  "fields": {
    "salary": 56,
    "headings": 4,
    "valor": 15.0,
    "total": "30.00"
  }
},
{
  "model": "erp.salarydetail",
  "pk": 199,
  "fields": {
    "salary": 56,
    "headings": 1,
    "valor": 0.0,
    "total": "0.00"
  }
},
{
  "model": "erp.salarydetail",
  "pk": 200,
  "fields": {
    "salary": 56,
    "headings": 5,
    "valor": 52.5,
    "total": "4.96"
  }
},
{
  "model": "erp.salarydetail",
  "pk": 201,
  "fields": {
    "salary": 57,
    "headings": 4,
    "valor": 0.0,
    "total": "0.00"
  }
},
{
  "model": "erp.salarydetail",
  "pk": 202,
  "fields": {
    "salary": 57,
    "headings": 3,
    "valor": 0.0,
    "total": "0.00"
  }
},
{
  "model": "erp.salarydetail",
  "pk": 203,
  "fields": {
    "salary": 57,
    "headings": 1,
    "valor": 0.0,
    "total": "0.00"
  }
},
{
  "model": "erp.salarydetail",
  "pk": 204,
  "fields": {
    "salary": 57,
    "headings": 5,
    "valor": 52.5,
    "total": "4.96"
  }
},
{
  "model": "erp.salarydetail",
  "pk": 205,
  "fields": {
    "salary": 58,
    "headings": 3,
    "valor": 0.0,
    "total": "0.00"
  }
},
{
  "model": "erp.salarydetail",
  "pk": 206,
  "fields": {
    "salary": 58,
    "headings": 5,
    "valor": 35.22,
    "total": "3.33"
  }
},
{
  "model": "erp.eventtype",
  "pk": 1,
  "fields": {
    "name": "Capacitaciones"
  }
},
{
  "model": "erp.eventtype",
  "pk": 2,
  "fields": {
    "name": "Permisos"
  }
},
{
  "model": "erp.eventtype",
  "pk": 3,
  "fields": {
    "name": "Vacaciones"
  }
},
{
  "model": "erp.events",
  "pk": 1,
  "fields": {
    "employee": 2,
    "event_type": 1,
    "start_date": "2022-06-13",
    "end_date": "2022-06-13",
    "start_time": "00:00:00",
    "end_time": "23:59:00",
    "details": "Pagadas",
    "state": true
  }
},
{
  "model": "erp.events",
  "pk": 2,
  "fields": {
    "employee": 2,
    "event_type": 2,
    "start_date": "2022-06-22",
    "end_date": "2022-06-22",
    "start_time": "00:00:00",
    "end_time": "23:59:00",
    "details": "",
    "state": true
  }
},
{
  "model": "erp.provider",
  "pk": 1,
  "fields": {
    "name": "jhonson&Jhonson",
    "ruc": "1201457452001",
    "mobile": "0124578565",
    "address": "El triunfo",
    "email": "jhonson@gmail.com"
  }
},
{
  "model": "erp.provider",
  "pk": 2,
  "fields": {
    "name": "ARCGGOLD",
    "ruc": "0929246429001",
    "mobile": "0987456321",
    "address": null,
    "email": "arcgold@hotmail.com"
  }
},
{
  "model": "erp.category",
  "pk": 1,
  "fields": {
    "name": "aaaaaav"
  }
},
{
  "model": "erp.category",
  "pk": 2,
  "fields": {
    "name": "LIMPIEZA"
  }
},
{
  "model": "erp.product",
  "pk": 1,
  "fields": {
    "name": "aaaa",
    "type": "product",
    "code": "123456",
    "description": "gggg",
    "category": 1,
    "price": "5.01",
    "pvp": "5.01",
    "image": "",
    "stock": 1
  }
},
{
  "model": "erp.product",
  "pk": 2,
  "fields": {
    "name": "detergentw",
    "type": "product",
    "code": "123",
    "description": "para limpieza",
    "category": 1,
    "price": "10.00",
    "pvp": "10.00",
    "image": "",
    "stock": 0
  }
},
{
  "model": "erp.product",
  "pk": 3,
  "fields": {
    "name": "KLINOL",
    "type": "product",
    "code": "00000123",
    "description": "producto para piso",
    "category": 1,
    "price": "25.08",
    "pvp": "30.06",
    "image": "",
    "stock": 1
  }
},
{
  "model": "erp.purchase",
  "pk": 1,
  "fields": {
    "number": "12345678",
    "provider": 1,
    "date_joined": "2022-06-14",
    "subtotal": "55.01"
  }
},
{
  "model": "erp.purchase",
  "pk": 2,
  "fields": {
    "number": "00012457",
    "provider": 2,
    "date_joined": "2022-07-18",
    "subtotal": "376.20"
  }
},
{
  "model": "erp.purchasedetail",
  "pk": 1,
  "fields": {
    "purchase": 1,
    "product": 2,
    "cant": 5,
    "price": "10.00",
    "dscto": "0.00",
    "subtotal": "50.00"
  }
},
{
  "model": "erp.purchasedetail",
  "pk": 2,
  "fields": {
    "purchase": 1,
    "product": 1,
    "cant": 1,
    "price": "5.01",
    "dscto": "0.00",
    "subtotal": "5.01"
  }
},
{
  "model": "erp.purchasedetail",
  "pk": 3,
  "fields": {
    "purchase": 2,
    "product": 3,
    "cant": 15,
    "price": "25.08",
    "dscto": "0.00",
    "subtotal": "376.20"
  }
},
{
  "model": "erp.sale",
  "pk": 1,
  "fields": {
    "number": "0000000001",
    "client": 1,
    "type": "parcel_service",
    "date_joined": "2022-06-14",
    "subtotal": "7.00",
    "iva": "0.12",
    "total_iva": "0.84",
    "total": "7.84"
  }
},
{
  "model": "erp.sale",
  "pk": 2,
  "fields": {
    "number": "0000000002",
    "client": 1,
    "type": "housekeeping",
    "date_joined": "2022-07-18",
    "subtotal": "20.00",
    "iva": "0.12",
    "total_iva": "2.40",
    "total": "22.40"
  }
},
{
  "model": "erp.sale",
  "pk": 3,
  "fields": {
    "number": "0000000003",
    "client": 1,
    "type": "housekeeping",
    "date_joined": "2022-07-23",
    "subtotal": "20.00",
    "iva": "0.12",
    "total_iva": "2.40",
    "total": "22.40"
  }
},
{
  "model": "erp.sale",
  "pk": 4,
  "fields": {
    "number": "0000000004",
    "client": 2,
    "type": "housekeeping",
    "date_joined": "2022-07-23",
    "subtotal": "360.72",
    "iva": "0.12",
    "total_iva": "43.29",
    "total": "404.01"
  }
},
{
  "model": "erp.sale",
  "pk": 5,
  "fields": {
    "number": "0000000005",
    "client": 2,
    "type": "parcel_service",
    "date_joined": "2022-07-24",
    "subtotal": "10.00",
    "iva": "0.12",
    "total_iva": "1.20",
    "total": "11.20"
  }
},
{
  "model": "erp.sale",
  "pk": 6,
  "fields": {
    "number": "0000000006",
    "client": 1,
    "type": "parcel_service",
    "date_joined": "2022-07-25",
    "subtotal": "6.00",
    "iva": "0.12",
    "total_iva": "0.72",
    "total": "6.72"
  }
},
{
  "model": "erp.sale",
  "pk": 7,
  "fields": {
    "number": "0000000007",
    "client": 2,
    "type": "housekeeping",
    "date_joined": "2022-07-25",
    "subtotal": "30.06",
    "iva": "0.12",
    "total_iva": "3.61",
    "total": "33.67"
  }
},
{
  "model": "erp.sale",
  "pk": 8,
  "fields": {
    "number": "0000000008",
    "client": 2,
    "type": "parcel_service",
    "date_joined": "2022-07-25",
    "subtotal": "2.50",
    "iva": "0.12",
    "total_iva": "0.30",
    "total": "2.80"
  }
},
{
  "model": "erp.sale",
  "pk": 9,
  "fields": {
    "number": "0000000009",
    "client": 2,
    "type": "housekeeping",
    "date_joined": "2022-08-23",
    "subtotal": "40.06",
    "iva": "0.12",
    "total_iva": "4.81",
    "total": "44.87"
  }
},
{
  "model": "erp.sale",
  "pk": 10,
  "fields": {
    "number": "0000000010",
    "client": 1,
    "type": "parcel_service",
    "date_joined": "2022-08-23",
    "subtotal": "2.00",
    "iva": "0.12",
    "total_iva": "0.24",
    "total": "2.24"
  }
},
{
  "model": "erp.shippingroute",
  "pk": 1,
  "fields": {
    "sale": 1,
    "status": "received",
    "date_joined": "2022-06-14T19:31:09.887Z",
    "comment": "El paquete ya fue recibido y se esta gestionando para su envió."
  }
},
{
  "model": "erp.shippingroute",
  "pk": 2,
  "fields": {
    "sale": 1,
    "status": "on_route",
    "date_joined": "2022-06-14T19:37:24.979Z",
    "comment": "ABC"
  }
},
{
  "model": "erp.shippingroute",
  "pk": 3,
  "fields": {
    "sale": 1,
    "status": "on_route",
    "date_joined": "2022-06-14T19:37:42.442Z",
    "comment": "ABC"
  }
},
{
  "model": "erp.shippingroute",
  "pk": 4,
  "fields": {
    "sale": 1,
    "status": "delivered",
    "date_joined": "2022-06-14T19:37:52.978Z",
    "comment": "YA SE ENTREGÓ"
  }
},
{
  "model": "erp.shippingroute",
  "pk": 5,
  "fields": {
    "sale": 5,
    "status": "received",
    "date_joined": "2022-07-25T04:06:56.396Z",
    "comment": "El paquete ya fue recibido y se esta gestionando para su envió."
  }
},
{
  "model": "erp.shippingroute",
  "pk": 6,
  "fields": {
    "sale": 6,
    "status": "received",
    "date_joined": "2022-07-25T04:07:31.651Z",
    "comment": "El paquete ya fue recibido y se esta gestionando para su envió."
  }
},
{
  "model": "erp.shippingroute",
  "pk": 7,
  "fields": {
    "sale": 8,
    "status": "received",
    "date_joined": "2022-07-25T13:21:34.193Z",
    "comment": "El paquete ya fue recibido y se esta gestionando para su envió."
  }
},
{
  "model": "erp.shippingroute",
  "pk": 8,
  "fields": {
    "sale": 10,
    "status": "received",
    "date_joined": "2022-08-23T13:11:16.636Z",
    "comment": "El paquete ya fue recibido y se esta gestionando para su envió."
  }
},
{
  "model": "erp.shippingroute",
  "pk": 9,
  "fields": {
    "sale": 10,
    "status": "on_route",
    "date_joined": "2022-08-23T13:15:47.027Z",
    "comment": "por deseo"
  }
},
{
  "model": "erp.saleproducts",
  "pk": 1,
  "fields": {
    "sale": 2,
    "product": 2,
    "cant": 2,
    "price": "10.00",
    "subtotal": "20.00"
  }
},
{
  "model": "erp.saleproducts",
  "pk": 2,
  "fields": {
    "sale": 3,
    "product": 2,
    "cant": 2,
    "price": "10.00",
    "subtotal": "20.00"
  }
},
{
  "model": "erp.saleproducts",
  "pk": 3,
  "fields": {
    "sale": 4,
    "product": 3,
    "cant": 12,
    "price": "30.06",
    "subtotal": "360.72"
  }
},
{
  "model": "erp.saleproducts",
  "pk": 4,
  "fields": {
    "sale": 7,
    "product": 3,
    "cant": 1,
    "price": "30.06",
    "subtotal": "30.06"
  }
},
{
  "model": "erp.saleproducts",
  "pk": 5,
  "fields": {
    "sale": 9,
    "product": 3,
    "cant": 1,
    "price": "30.06",
    "subtotal": "30.06"
  }
},
{
  "model": "erp.saleproducts",
  "pk": 6,
  "fields": {
    "sale": 9,
    "product": 2,
    "cant": 1,
    "price": "10.00",
    "subtotal": "10.00"
  }
},
{
  "model": "erp.salepackages",
  "pk": 1,
  "fields": {
    "sale": 1,
    "description": "ABC",
    "tariff": 434,
    "condition": 3,
    "size": 3,
    "peso": "5.00",
    "subtotal": "7.00"
  }
},
{
  "model": "erp.salepackages",
  "pk": 2,
  "fields": {
    "sale": 5,
    "description": "BICICLETA",
    "tariff": 474,
    "condition": 3,
    "size": 4,
    "peso": "8.00",
    "subtotal": "10.00"
  }
},
{
  "model": "erp.salepackages",
  "pk": 3,
  "fields": {
    "sale": 6,
    "description": "COMPUTADOR MACBOOK",
    "tariff": 455,
    "condition": 3,
    "size": 3,
    "peso": "7.00",
    "subtotal": "6.00"
  }
},
{
  "model": "erp.salepackages",
  "pk": 4,
  "fields": {
    "sale": 8,
    "description": "´rueba",
    "tariff": 475,
    "condition": 2,
    "size": 4,
    "peso": "2.25",
    "subtotal": "2.50"
  }
},
{
  "model": "erp.salepackages",
  "pk": 5,
  "fields": {
    "sale": 10,
    "description": "documento",
    "tariff": 476,
    "condition": 2,
    "size": 3,
    "peso": "0.10",
    "subtotal": "2.00"
  }
},
{
  "model": "homepage.services",
  "pk": 1,
  "fields": {
    "name": "Envíos",
    "description": "Servicios y tecnología para administrar el proceso de envío, desde individuos a empresas, a nivel local e internacional.",
    "image": "services/2022/06/03/299102_box_in_icon.png",
    "state": true
  }
},
{
  "model": "homepage.services",
  "pk": 2,
  "fields": {
    "name": "Rastreo",
    "description": "Soluciones de administración y monitoreo para particulares, complejas cadenas de suministros globales, entre otros.",
    "image": "services/2022/06/03/5263649_hand_phone_smartphone_icon.png",
    "state": true
  }
},
{
  "model": "homepage.services",
  "pk": 3,
  "fields": {
    "name": "Servicios de logística",
    "description": "Experiencia e infraestructura para optimizar la cadena de suministro, desde entrega global hasta almacenamiento y administración de devoluciones.",
    "image": "services/2022/06/03/5263632_check_hand_tick_icon.png",
    "state": true
  }
},
{
  "model": "homepage.services",
  "pk": 4,
  "fields": {
    "name": "Limpieza de Oficinas",
    "description": "El aumento de la representatividad de sus instalaciones aumenta el prestigio de su empresa. Con esto fomentamos su imagen corporativa y elevamos la satisfacción laboral.",
    "image": "services/2022/06/03/5928526_clean_hand_hygiene_tap_wash_icon.png",
    "state": true
  }
},
{
  "model": "homepage.services",
  "pk": 5,
  "fields": {
    "name": "Limpieza de Estacionamientos",
    "description": "Contamos con maquinaria industrial de marca Kärcher para atender sus necesidades. Equipo líder a nivel mundial.",
    "image": "services/2022/06/03/6009766_clean_hands_healthcare_hygienic_soap_icon.png",
    "state": true
  }
},
{
  "model": "homepage.services",
  "pk": 6,
  "fields": {
    "name": "Limpieza de Fachadas",
    "description": "Realizamos trabajos de altura. Limpiamos todo tipo de fachada, sean estas de vidrio, fachaleta (ladrillo visto) o enlucido.",
    "image": "services/2022/06/03/5728178_cleaning_door_hygiene_knob_object_icon.png",
    "state": true
  }
},
{
  "model": "homepage.frequentquestions",
  "pk": 1,
  "fields": {
    "question": "¿Los conductores están capacitados para realizar las entregas?",
    "answer": "¡Por supuesto! Cada conductor cumple con pruebas exigentes hechas por el departamento de Recursos Humanos para seleccionar el medio de transporte y conductor más capacitado.",
    "state": true
  }
},
{
  "model": "homepage.frequentquestions",
  "pk": 2,
  "fields": {
    "question": "¿Cumplen con todas las normas de bioseguridad para la entrega de mi mercancía?",
    "answer": "Sí. Disponemos de recursos que utilizan nuestros mensajeros (Guantes, tapaboca y alcohol) para cumplir con una entrega higiénica y cuidadosa.",
    "state": true
  }
},
{
  "model": "homepage.frequentquestions",
  "pk": 3,
  "fields": {
    "question": "¿Qué medio de transporte utilizan para realizar las entregas?",
    "answer": "Gestionamos los envíos con motos y vans de diferentes marcas. Además, próximamente utilizaremos flota de transporte eléctrica para contribuir con el cuidado del medio ambiente.",
    "state": true
  }
},
{
  "model": "homepage.frequentquestions",
  "pk": 4,
  "fields": {
    "question": "¿Es necesario que estés en la vivienda mientras realizamos el servicio de limpieza?",
    "answer": "En las limpiezas a tu medida, pedimos como imprescindible que el cliente esté presente para poder supervisar el trabajo del equipo durante toda la limpieza. Entendemos que cada cliente debe tener un trato personalizado, y que mejor manera, que pueda distribuir al equipo en función de sus necesidades o cambios que pueda tener durante el trascurso de la limpieza contratada",
    "state": true
  }
},
{
  "model": "homepage.frequentquestions",
  "pk": 5,
  "fields": {
    "question": "¿Por qué necesito hacer un levantamiento de información para cotizar un servicio?",
    "answer": "Para definir un presupuesto real se analiza la necesidad del cliente, las instalaciones donde se ejecutará el trabajo, el personal y los materiales necesarios para realizar el servicio satisfactoriamente.",
    "state": true
  }
},
{
  "model": "homepage.frequentquestions",
  "pk": 6,
  "fields": {
    "question": "¿Qué sucede si se ausenta uno de los empleados contratados?",
    "answer": "En caso de ausencia de alguno de nuestros colaboradores, se proveerá de un reemplazo a la brevedad posible. Te garantizamos la continuación del servicio.",
    "state": true
  }
},
{
  "model": "homepage.team",
  "pk": 1,
  "fields": {
    "names": "ROCIO CARRASCO",
    "profession": "Gerente General",
    "description": "Mi trabajo es organizar la recepción, almacenamiento y entrega de bienes a los clientes o puntos de venta.",
    "image": "",
    "state": true
  }
},
{
  "model": "homepage.teamdetail",
  "pk": 5,
  "fields": {
    "team": 1,
    "url": "https://www.linkedin.com/feed/",
    "icon": "bi bi-linkedin"
  }
},
{
  "model": "homepage.teamdetail",
  "pk": 6,
  "fields": {
    "team": 1,
    "url": "https://www.instagram.com/",
    "icon": "bi bi-instagram"
  }
},
{
  "model": "homepage.teamdetail",
  "pk": 7,
  "fields": {
    "team": 1,
    "url": "https://www.facebook.com/",
    "icon": "bi bi-facebook"
  }
},
{
  "model": "homepage.teamdetail",
  "pk": 8,
  "fields": {
    "team": 1,
    "url": "https://twitter.com/?lang=es",
    "icon": "bi bi-twitter"
  }
},
{
  "model": "homepage.testimonials",
  "pk": 1,
  "fields": {
    "names": "Diego Hernández",
    "profession": "Desarrollador Web",
    "comment": "Estoy muy satisfecho con el servicio por su rapidez y organización, definitivamente he adoptado a punto medio envíos como mi empresa de envíos ya que además el precio es muy bueno y su trabajo de calidad, ¡recomendado!.",
    "image": "team/2022/06/03/testimonials-1.jpg",
    "state": true
  }
},
{
  "model": "homepage.testimonials",
  "pk": 2,
  "fields": {
    "names": "Andres Pérez",
    "profession": "Docente Universitario",
    "comment": "Excelente servicio, mi paquete llegó en óptimas condiciones, en buen tiempo y forma según el contrato, he comprobado que nuestros amigos de punto medio envíos, ofrecen un servicio de calidad. Satisfecho con su trabajo.",
    "image": "team/2022/06/03/testimonials-5.jpg",
    "state": true
  }
},
{
  "model": "homepage.testimonials",
  "pk": 3,
  "fields": {
    "names": "Montserrat Gómez",
    "profession": "Mecánico Automotriz",
    "comment": "Recomiendo ampliamente a punto medio envíos porque me ‘Solucionaron la vida’ , me urgía enviar un paquete y solo ellos me ofrecieron la rapidez que yo necesitaba para que mi paquete llegara a su destino rápido y seguro. Excelente trabajo.",
    "image": "team/2022/06/03/testimonials-4.jpg",
    "state": true
  }
},
{
  "model": "homepage.testimonials",
  "pk": 4,
  "fields": {
    "names": "Alexa Pérez",
    "profession": "Maquilladora Profesional",
    "comment": "Buen trabajo, excelente atención al cliente, son muy atentos con cada detalle en su servicio, definitivamente recomiendo a Envios Epress, mi paquete llegó rápido y en condiciones impecables, su servicio de calidad y seguro.",
    "image": "team/2022/06/03/testimonials-3.jpg",
    "state": true
  }
},
{
  "model": "homepage.socialnetworks",
  "pk": 1,
  "fields": {
    "url": "https://twitter.com/?lang=es",
    "code": "twitter",
    "icon": "bx bxl-twitter",
    "state": true
  }
},
{
  "model": "homepage.socialnetworks",
  "pk": 2,
  "fields": {
    "url": "https://www.facebook.com/",
    "code": "facebook",
    "icon": "bx bxl-facebook",
    "state": true
  }
},
{
  "model": "homepage.socialnetworks",
  "pk": 3,
  "fields": {
    "url": "https://www.instagram.com/",
    "code": "instagram",
    "icon": "bx bxl-instagram",
    "state": true
  }
},
{
  "model": "homepage.socialnetworks",
  "pk": 4,
  "fields": {
    "url": "https://www.linkedin.com/feed/",
    "code": "linkedin",
    "icon": "bx bxl-linkedin",
    "state": true
  }
},
{
  "model": "homepage.comments",
  "pk": 1,
  "fields": {
    "names": "sdsds",
    "mobile": "0928363993",
    "email": "loioeiwoe@gmail.com",
    "comment": "lkdlskdlskds"
  }
}
]
